date,return
2020-04-11,-0.2023634591131516
2020-04-12,0.1275593916561215
2020-04-13,-0.1262562307931122
2020-04-14,-0.16135823730586776
2020-04-15,-0.023345503997867088
2020-04-16,0.06606671039594611
2020-04-17,-0.044531265917580165
2020-04-18,0.030361067578816833
2020-04-19,-0.11522557582658413
2020-04-20,-0.11911104003071964
2020-04-21,0.08678016881582745
2020-04-22,0.16286232311193158
2020-04-23,-0.0973339961759683
2020-04-24,0.010755410440808466
2020-04-25,0.014225703468112498
2020-04-26,-0.012234803781936365
2020-04-27,-0.10463232017642833
2020-04-28,0.1444078901925457
2020-04-29,0.1203140586168257
2020-04-30,-0.07630618320958832
2020-05-01,0.05318615557140489
2020-05-02,-0.0178841460907945
2020-05-03,-0.052098243088211274
2020-05-04,-0.017882759578561
2020-05-05,-0.039191559627983596
2020-05-06,-0.030455834440146844
2020-05-07,-0.01554952933782104
2020-05-08,-0.01322948949505311
2020-05-09,-0.000653190029582185
2020-05-10,-0.11838496409546068
2020-05-11,-0.04136457089662046
2020-05-12,0.04423183890414039
2020-05-13,0.021956409136612464
2020-05-14,0.03320278202023513
2020-05-15,-0.016594018507611823
2020-05-16,0.06796813469230753
2020-05-17,0.022885062230234104
2020-05-18,0.0627246800729981
2020-05-19,-0.0441939876731193
2020-05-20,-0.07530586315147797
2020-05-21,0.05010679882806087
2020-05-22,0.04803019711085704
2020-05-23,-0.04129327818376962
2020-05-24,-0.11022056033197196
2020-05-25,0.09016200851228955
2020-05-26,-0.04693568777082409
2020-05-27,0.03036932140666092
2020-05-28,-0.027151031911541605
2020-05-29,0.007379403906446784
2020-05-30,0.01459398745985734
2020-05-31,-0.03093805679628934
2020-06-01,0.013024810685659007
2020-06-02,-0.022460013241227508
2020-06-03,0.03813920190220724
2020-06-04,0.0011551044141628686
2020-06-05,0.11845424763692441
2020-06-06,-0.06033620041672993
2020-06-07,-0.00946728716731083
2020-06-08,0.08057186871323707
2020-06-09,-0.015548670329318415
2020-06-10,-0.020163907246497432
2020-06-11,-0.11686432834880862
2020-06-12,0.034478940169560504
2020-06-13,0.025065945044826697
2020-06-14,-0.036568630087589205
2020-06-15,-0.028399217686787867
2020-06-16,0.02583917512656983
2020-06-17,-0.006878425507457146
2020-06-18,0.06554267326785944
2020-06-19,0.09718296863237866
2020-06-20,-0.061379778951734486
2020-06-21,0.044903271373851104
2020-06-22,0.07675070401162465
2020-06-23,-0.02585387965167233
2020-06-24,0.03971628037392912
2020-06-25,-0.032826304561881424
2020-06-26,0.03844145121228759
2020-06-27,-0.0379452297443801
2020-06-28,0.11247898471564
2020-06-29,0.06539056711725386
2020-06-30,0.00892243673831462
2020-07-01,-0.032437895327116655
2020-07-02,-0.0650291267596598
2020-07-03,-0.015663868592771586
2020-07-04,0.0158599481505399
2020-07-05,-0.12067049504590346
2020-07-06,0.023213839717322052
2020-07-07,0.061814871419068954
2020-07-08,0.05636553022233572
2020-07-09,0.06879594890384143
2020-07-10,0.06805857235319168
2020-07-11,0.012038178565977263
2020-07-12,0.09494590351269903
2020-07-13,0.1453148420725264
2020-07-14,-0.02380605808323569
2020-07-15,0.11624392479279817
2020-07-16,-0.39079079457679117
2020-07-17,0.11404800160614866
2020-07-18,-0.011575837975453727
2020-07-19,-0.04901423624724634
2020-07-20,-0.052715425076344524
2020-07-21,0.11261902463270947
2020-07-22,0.06624160070127363
2020-07-23,0.005498743068227005
2020-07-24,-0.05330646380911241
2020-07-25,0.22958523334948924
2020-07-26,0.2230357100749341
2020-07-27,0.1278906772786792
2020-07-28,0.003048839149233708
2020-07-29,-0.07310928252642468
2020-07-30,0.017051092669168745
2020-07-31,-0.09223883686114664
2020-08-01,-0.00754897563743746
2020-08-02,0.13244915490950393
2020-08-03,0.03373740499513335
2020-08-04,0.03757835905085552
2020-08-05,-0.06460212053782849
2020-08-06,0.22912623039840557
2020-08-07,-0.05613681132275433
2020-08-08,0.1704828403716251
2020-08-09,0.07460490432593987
2020-08-10,0.16131612421951175
2020-08-11,0.05335233566047838
2020-08-12,0.1320509440652176
2020-08-13,-0.003662143077871556
2020-08-14,-0.09681400344515194
2020-08-15,-0.06845894837370627
2020-08-16,0.061472928357950665
2020-08-17,-0.08859381872102622
2020-08-18,0.07201213594099681
2020-08-19,-0.13858514883249495
2020-08-20,0.10135093466560752
2020-08-21,-0.08607452121653925
2020-08-22,0.025893760581796894
2020-08-23,0.09514662500211711
2020-08-24,0.006765725278108352
2020-08-25,-0.024248707025252003
2020-08-26,0.08609015701992223
2020-08-27,-0.032362622494255054
2020-08-28,0.15219725622952854
2020-08-29,-0.0106725580179365
2020-08-30,0.11124713688905462
2020-08-31,0.07515529607446274
2020-09-01,-0.09595414086484172
2020-09-02,-0.04232479318556387
2020-09-03,-0.1660454920831357
2020-09-04,0.005218086354187924
2020-09-05,-0.31105257233758016
2020-09-06,0.1721801060335985
2020-09-07,-0.05238971724056062
2020-09-08,-0.17069604895707693
2020-09-09,0.38718426240119197
2020-09-10,-0.04688054067555757
2020-09-11,-0.01229747579537275
2020-09-12,-0.02803935666801613
2020-09-13,-0.03257773146640991
2020-09-14,0.01333179921717267
2020-09-15,-0.10641427921170368
2020-09-16,-0.14382316439093745
2020-09-17,0.12761736302152663
2020-09-18,0.07205535534107849
2020-09-19,-0.02576353879179103
2020-09-20,-0.053569954240321814
2020-09-21,-0.031273550388789484
2020-09-22,0.04669477754272225
2020-09-23,-0.027386371403721223
2020-09-24,0.0992385603684247
2020-09-25,0.017685668602849175
2020-09-26,-0.017051298884661285
2020-09-27,0.005803147941378854
2020-09-28,-0.06427124482368225
2020-09-29,-0.003471000399753229
2020-09-30,-0.01661724819723016
2020-10-01,-0.012797074927983822
2020-10-02,-0.0856876425184908
2020-10-03,-0.030458207603142308
2020-10-04,-0.01236677322676504
2020-10-05,0.0547716638408913
2020-10-06,-0.19983682440928274
2020-10-07,0.05173257365537845
2020-10-08,0.03153529390335115
2020-10-09,0.0712375208330718
2020-10-10,-0.05410555965302862
2020-10-11,0.008479019246605629
2020-10-12,0.06404464473236474
2020-10-13,-0.07301417738436626
2020-10-14,-0.03826049324139615
2020-10-15,-0.021043427250295496
2020-10-16,-0.05302641036117642
2020-10-17,0.024112558632001315
2020-10-18,0.005626686230952573
2020-10-19,-0.07314794234092595
2020-10-20,-0.08589955860954451
2020-10-21,0.0009028777710839477
2020-10-22,0.0339473183707653
2020-10-23,0.0022381874750143716
2020-10-24,-0.0249024415738769
2020-10-25,-0.06726480389702198
2020-10-26,-0.058752956350962095
2020-10-27,0.014586932422689032
2020-10-28,-0.13781731545924944
2020-10-29,-0.04188161868082406
2020-10-30,0.00864037761717925
2020-10-31,0.06666634364543622
2020-11-01,0.0376668166045351
2020-11-02,-0.08187502356586332
2020-11-03,-0.04285581336671968
2020-11-04,-0.014248113438056629
2020-11-05,0.009267759131039157
2020-11-06,0.3088670055263703
2020-11-07,0.05994337901727271
2020-11-08,0.059529179260155045
2020-11-09,-0.061160513385998615
2020-11-10,0.1026636540157459
2020-11-11,-0.11582603594613784
2020-11-12,-0.052809043276300364
2020-11-13,0.062089435507212735
2020-11-14,-0.052719692674079666
2020-11-15,0.06376407450518587
2020-11-16,0.09877343473764962
2020-11-17,-0.02385905696161616
2020-11-18,-0.04037970706492388
2020-11-19,-0.018255197696196216
2020-11-20,0.008927269697621787
2020-11-21,0.1282858902901657
2020-11-22,-0.1049592402013249
2020-11-23,0.05951783309243834
2020-11-24,-0.003701295365677898
2020-11-25,0.000911009105388735
2020-11-26,-0.1763438353552852
2020-11-27,-0.023977802926242405
2020-11-28,0.01653996039504964
2020-11-29,0.013785423107701355
2020-11-30,0.026655563543290267
2020-12-01,0.004776303608777736
2020-12-02,0.06801395425270225
2020-12-03,-0.0071304681576859754
2020-12-04,-0.12371563866818851
2020-12-05,0.06407913574922255
2020-12-06,-0.06499767340781427
2020-12-07,-0.012523049981026256
2020-12-08,-0.09492020585691556
2020-12-09,-0.0018318905709524584
2020-12-10,-0.05448851119321464
2020-12-11,-0.08589404241434319
2020-12-12,0.031565924103846114
2020-12-13,0.048789188096501714
2020-12-14,0.016591501239200435
2020-12-15,0.10092632199617435
2020-12-16,0.012937646657629654
2020-12-17,-0.06065224718771316
2020-12-18,0.011941704575486848
2020-12-19,-0.017906598219305785
2020-12-20,-0.06504001074464502
2020-12-21,-0.013950303515658017
2020-12-22,-0.0340571481812102
2020-12-23,-0.21191432369726584
2020-12-24,0.12220003426011682
2020-12-25,0.05913440987815244
2020-12-26,-0.08755100721833102
2020-12-27,-0.016135585056582594
2020-12-28,0.151165886295574
2020-12-29,0.09955460036963394
2020-12-30,-0.08659398634339399
2020-12-31,-0.016123900194680067
2021-01-01,0.19819339711252212
2021-01-02,-0.02351373832362033
2021-01-03,0.18353517118969798
2021-01-04,0.13939266541563503
2021-01-05,-0.14149268588145913
2021-01-06,-0.11170476819290577
2021-01-07,0.20693331887511776
2021-01-08,0.30529874235938687
2021-01-09,0.050120461101979936
2021-01-10,0.02356646577342994
2021-01-11,-0.10902483498382681
2021-01-12,0.150640262126222
2021-01-13,-0.02795567003369923
2021-01-14,-0.0694094738461716
2021-01-15,-0.008578970083367098
2021-01-16,0.058815760282588725
2021-01-17,0.1022428797676293
2021-01-18,-0.005943029765532244
2021-01-19,-0.04132394290337856
2021-01-20,0.02218884919063536
2021-01-21,-0.2192324030916571
2021-01-22,0.1123814385394225
2021-01-23,0.04610307482892544
2021-01-24,0.03650995072019935
2021-01-25,0.017880586786075726
2021-01-26,0.08973465228041444
2021-01-27,-0.09227679384417477
2021-01-28,0.03500715696439226
2021-01-29,0.0032922622726471356
2021-01-30,0.09676294768232571
2021-01-31,0.009393541580121071
2021-02-01,0.07833382187254459
2021-02-02,0.13298212593540057
2021-02-03,0.08171013169990053
2021-02-04,0.11709484829391527
2021-02-05,0.03901303537806302
2021-02-06,-0.0893165733062924
2021-02-07,0.09211776842014581
2021-02-08,0.16256368421062004
2021-02-09,-0.008465922810437928
2021-02-10,0.14894198707860792
2021-02-11,0.01565444539046796
2021-02-12,0.0034296919604938523
2021-02-13,-0.057253914301928596
2021-02-14,0.0007373350879670542
2021-02-15,0.013959130568772422
2021-02-16,-0.06574456667631412
2021-02-17,-0.009114796384000574
2021-02-18,0.08816649260750636
2021-02-19,0.24430573891711718
2021-02-20,-0.1365044887457312
2021-02-21,0.10278771214912871
2021-02-22,0.2653863951496391
2021-02-23,0.05037108703941313
2021-02-24,0.12946638910922517
2021-02-25,-0.22503462682176767
2021-02-26,-0.01664565441841637
2021-02-27,-0.02887740566216567
2021-02-28,-0.008514280731877426
2021-03-01,0.1332939976573879
2021-03-02,-0.06896619910873165
2021-03-03,0.01116110183369936
2021-03-04,-0.07482165834969771
2021-03-05,-0.037932986647879786
2021-03-06,0.03322460564462476
2021-03-07,0.06253566595833374
2021-03-08,-0.02005489108546437
2021-03-09,0.0875207210422627
2021-03-10,-0.042322814127812296
2021-03-11,0.11667746923938142
2021-03-12,-0.09436783749789668
2021-03-13,0.050689787393314686
2021-03-14,-0.053709409309692716
2021-03-15,-0.022416379300252948
2021-03-16,-0.040559317553212716
2021-03-17,0.0429208379424697
2021-03-18,0.0006904612611184581
2021-03-19,-0.0017745465325992719
2021-03-20,0.0005056857953370053
2021-03-21,0.008423828127602178
2021-03-22,0.04014607768307727
2021-03-23,-0.049073107940880455
2021-03-24,-0.03901526951354137
2021-03-25,-0.04768970887181504
2021-03-26,0.12635858196468513
2021-03-27,0.11062887281294008
2021-03-28,0.08740860638837086
2021-03-29,0.04549478139843976
2021-03-30,0.019907649535887365
2021-03-31,0.011954107061420926
2021-04-01,-0.01973220593452591
2021-04-02,0.03730055760503241
2021-04-03,0.12963792025678159
2021-04-04,0.06476968446363113
2021-04-05,-0.04579504953811442
2021-04-06,0.08234952750045127
2021-04-07,0.05915706761889044
2021-04-08,0.020777604822656167
2021-04-09,0.027159369771010102
2021-04-10,-0.034308604575896906
2021-04-11,0.03982344515301166
2021-04-12,0.020560304726930757
2021-04-13,-0.038489656647894756
2021-04-14,-0.035634627971315704
2021-04-15,0.04948948190673615
2021-04-16,-0.09104911546879023
2021-04-17,-0.011782604803663149
2021-04-18,0.2522947044825688
2021-04-19,-0.01960154729448577
2021-04-20,0.0029681402767076496
2021-04-21,0.02311717139773124
2021-04-22,0.17883251077895937
2021-04-23,-0.050139319487113955
2021-04-24,0.09681002434213057
2021-04-25,0.1507944729620082
2021-04-26,-0.07428322304893664
2021-04-27,-0.016912863191922693
2021-04-28,0.03604507513612869
2021-04-29,-0.05421280029819421
2021-04-30,0.011601173613083323
2021-05-01,0.1419583575180129
2021-05-02,-0.05430923263729363
2021-05-03,-0.02062667507473864
2021-05-04,-0.07230793248492727
2021-05-05,0.05007185957007386
2021-05-06,-0.03322124289166013
2021-05-07,-0.006942800496530078
2021-05-08,0.05426504429255299
2021-05-09,-0.02739766488510304
2021-05-10,-0.03256971760726426
2021-05-11,0.03813218799443412
2021-05-12,-0.04872945516284307
2021-05-13,-0.0349794107914254
2021-05-14,0.04109753344002272
2021-05-15,0.0172538436245475
2021-05-16,0.08254038626110205
2021-05-17,-0.007178621355804559
2021-05-18,0.17652762080501558
2021-05-19,-0.4653547338044015
2021-05-20,0.24252366942579676
2021-05-21,-0.1421779796906362
2021-05-22,-0.21463559175443905
2021-05-23,-0.23776824070354993
2021-05-24,0.23674550985208528
2021-05-25,-0.041993104318656986
2021-05-26,0.16955372145857095
2021-05-27,-0.05658633846764864
2021-05-28,-0.14541809526052743
2021-05-29,-0.05896716827924562
2021-05-30,0.04381759920393631
2021-05-31,0.13742400498599772
2021-06-01,-0.05741209070074513
2021-06-02,0.09156332308896534
2021-06-03,0.15048889487154216
2021-06-04,-0.05349027260657995
2021-06-05,0.056386800850615613
2021-06-06,0.06652473389840859
2021-06-07,-0.10051915037712228
2021-06-08,0.08165666597661173
2021-06-09,0.012303310325351605
2021-06-10,-0.02245003694299435
2021-06-11,-0.13117760829037545
2021-06-12,0.010915140206336441
2021-06-13,0.06194457128763954
2021-06-14,-0.0014811072783884817
2021-06-15,0.061135710834674555
2021-06-16,-0.035870289329256795
2021-06-17,-0.011119168399815103
2021-06-18,-0.068942547294341
2021-06-19,-0.03598500520381243
2021-06-20,-0.0008891820950662452
2021-06-21,-0.28143960089065423
2021-06-22,0.0042844075589820625
2021-06-23,0.11547443229617553
2021-06-24,0.03698439790415138
2021-06-25,-0.08295255505060516
2021-06-26,0.03472228671945206
2021-06-27,0.0719472005885979
2021-06-28,0.030789722433713352
2021-06-29,0.028118566086499267
2021-06-30,0.04868503473920745
2021-07-01,-0.06244362281229594
2021-07-02,0.018286067888799277
2021-07-03,0.013382406329059269
2021-07-04,-0.004890782680950745
2021-07-05,-0.0394139116236486
2021-07-06,0.038204751428931934
2021-07-07,0.06556721784611383
2021-07-08,-0.09715025980020722
2021-07-09,0.0018330743303243456
2021-07-10,-0.04538608073097619
2021-07-11,0.012168909915427663
2021-07-12,-0.04220330510361529
2021-07-13,-0.057608691093898795
2021-07-14,0.07154483129153827
2021-07-15,-0.09478889103453107
2021-07-16,-0.07599467635311975
2021-07-17,0.013247459287777113
2021-07-18,0.001131064149353539
2021-07-19,-0.09007475382882113
2021-07-20,-0.03997522158603449
2021-07-21,0.12522261287456263
2021-07-22,0.039729078811819564
2021-07-23,0.028883417276238006
2021-07-24,0.006597413571194751
2021-07-25,-0.018774345080225113
2021-07-26,0.004882448442362408
2021-07-27,-0.008561606677826447
2021-07-28,-0.008944683206898596
2021-07-29,0.117425073549409
2021-07-30,0.034956206118437104
2021-07-31,0.12826827131050694
2021-08-01,-0.07242589486021467
2021-08-02,-0.030588920327151544
2021-08-03,0.023030898043012345
2021-08-04,0.05067550674031403
2021-08-05,0.04353908928402752
2021-08-06,0.05446480188531433
2021-08-07,-0.0010812802512067028
2021-08-08,-0.044888419168631205
2021-08-09,0.028624057627759866
2021-08-10,0.04715821779780506
2021-08-11,0.026810644059237578
2021-08-12,-0.015565873250389405
2021-08-13,0.08832272491821751
2021-08-14,-0.0175641815373808
2021-08-15,0.19750247309029162
2021-08-16,0.14983180548324135
2021-08-17,0.028084591611188467
2021-08-18,0.12201379362489431
2021-08-19,0.002949666078744322
2021-08-20,0.0788224445143297
2021-08-21,-0.06519070239968165
2021-08-22,-0.012995441800278435
2021-08-23,0.039114583725084646
2021-08-24,-0.06885036570277388
2021-08-25,0.017959258585516537
2021-08-26,0.04570212152063947
2021-08-27,0.1566294105393407
2021-08-28,0.09332142538065444
2021-08-29,-0.0233673277348414
2021-08-30,0.15714207181775264
2021-08-31,-0.018820338315110877
2021-09-01,0.023226899740647053
2021-09-02,0.14300234117586202
2021-09-03,0.13476234805094928
2021-09-04,-0.05230514786466668
2021-09-05,0.021039028783506768
2021-09-06,0.14586035254549368
2021-09-07,0.05196564685737301
2021-09-08,0.09833807640909044
2021-09-09,-0.015007228890792859
2021-09-10,-0.045275041775415026
2021-09-11,-0.005560472541022515
2021-09-12,-0.024507047437260898
2021-09-13,-0.03064795850395811
2021-09-14,-0.06829742639113974
2021-09-15,0.006447237964028719
2021-09-16,-0.04264772206577877
2021-09-17,-0.03253556882365335
2021-09-18,0.13652926184040765
2021-09-19,-0.10371412348991989
2021-09-20,-0.14345400924112897
2021-09-21,-0.06393860930209994
2021-09-22,0.17681892011981568
2021-09-23,0.012290725468387149
2021-09-24,-0.07167482237401246
2021-09-25,-0.023346614981000696
2021-09-26,-0.0035277087178897915
2021-09-27,0.007554718289835658
2021-09-28,-0.038706827971746786
2021-09-29,0.028584946579068946
2021-09-30,0.04137468759717487
2021-10-01,0.13638429183174386
2021-10-02,0.04481521295333656
2021-10-03,0.02046499231238687
2021-10-04,-0.03452671258861113
2021-10-05,-0.015814787330158172
2021-10-06,-0.06292047260440278
2021-10-07,0.0011248566384939153
2021-10-08,0.0298078364536114
2021-10-09,-0.013448810372503766
2021-10-10,-0.057594551342400116
2021-10-11,-0.021786402482546922
2021-10-12,0.05296337198134015
2021-10-13,-0.03031725329168072
2021-10-14,0.010611650407837342
2021-10-15,0.08225718645714991
2021-10-16,-0.031597973953022336
2021-10-17,0.013899419049016164
2021-10-18,-0.015853486426655843
2021-10-19,-0.007752665967541368
2021-10-20,0.12021690788225052
2021-10-21,0.07851657827562003
2021-10-22,0.031615295657728595
2021-10-23,0.006456299322084737
2021-10-24,0.02328785345196711
2021-10-25,0.03754594975187183
2021-10-26,-0.050250887924972266
2021-10-27,-0.08364316546326715
2021-10-28,0.05859180159031893
2021-10-29,0.02692892903782085
2021-10-30,-0.024099788137857837
2021-10-31,0.03521885452117472
2021-11-01,0.00553776314972401
2021-11-02,0.07882846371923807
2021-11-03,0.09792895862535013
2021-11-04,0.01831205734005211
2021-11-05,-0.045117350355059274
2021-11-06,0.09073478186018642
2021-11-07,-0.03581984882656327
2021-11-08,-0.005443856109471901
2021-11-09,-0.037955825884052115
2021-11-10,-0.02297645821103496
2021-11-11,0.001970972541474225
2021-11-12,-0.024804087275076218
2021-11-13,0.0566690787930539
2021-11-14,-0.014157453461967912
2021-11-15,-0.0036636845932561976
2021-11-16,-0.08023070869542545
2021-11-17,-0.00239197896367727
2021-11-18,-0.11227462590095517
2021-11-19,0.09644358558817599
2021-11-20,0.012625553148191766
2021-11-21,0.059075315344833026
2021-11-22,-0.06957909605348006
2021-11-23,0.027881077689580216
2021-11-24,-0.03166939368377531
2021-11-25,-0.04116950251112336
2021-11-26,-0.07415436494129869
2021-11-27,0.0082702021765335
2021-11-28,0.03847554841138478
2021-11-29,0.017989380338182558
2021-11-30,0.02107450946420655
2021-12-01,0.0964472576449179
2021-12-02,0.018085321165942553
2021-12-03,-0.10237032448889129
2021-12-04,-0.04899528458466907
2021-12-05,-0.02495301719228796
2021-12-06,-0.010088220629674923
2021-12-07,-0.01872376131089451
2021-12-08,0.020896923769198248
2021-12-09,-0.07157725098551339
2021-12-10,-0.07578534650667737
2021-12-11,0.023505692826075016
2021-12-12,0.008582904807756421
2021-12-13,-0.11098495169868887
2021-12-14,-0.012131636246511156
2021-12-15,0.15102916167098956
2021-12-16,-0.007802692994567169
2021-12-17,-0.008235753479220773
2021-12-18,0.040926988340021286
2021-12-19,-0.015083369774898703
2021-12-20,-0.036334225456693875
2021-12-21,0.036303639316810965
2021-12-22,-0.008338300057111614
2021-12-23,0.06208263516261465
2021-12-24,0.0012457089021018215
2021-12-25,0.014855652546660894
2021-12-26,0.02495417801253975
2021-12-27,-0.01307100673737668
2021-12-28,-0.09664819539283254
2021-12-29,-0.03889253883276336
2021-12-30,0.012193363475564663
2021-12-31,-0.01429621225923406
2022-01-01,0.047132984650486924
2022-01-02,-0.012032247631374497
2022-01-03,-0.035108532276928665
2022-01-04,-0.013948099311674513
2022-01-05,-0.07953190674504752
2022-01-06,-0.030561500054448982
2022-01-07,-0.09789444266038505
2022-01-08,0.04382404310622573
2022-01-09,-0.01181901300939551
2022-01-10,-0.03529391290824282
2022-01-11,0.0306312846626048
2022-01-12,0.07897058756548368
2022-01-13,-0.038249997034313796
2022-01-14,0.0010198672587061327
2022-01-15,0.011172722933406444
2022-01-16,0.00037437638676843775
2022-01-17,-0.05512857113081466
2022-01-18,0.011801918192237207
2022-01-19,-0.04178853471578473
2022-01-20,-0.06532497544238569
2022-01-21,-0.12760643061233895
2022-01-22,-0.17300524925041047
2022-01-23,0.055752995951675315
2022-01-24,-0.08296476891462377
2022-01-25,0.03295015009837809
2022-01-26,-0.026556210931817946
2022-01-27,-0.028654789253314095
2022-01-28,0.018574145297019583
2022-01-29,0.052381450063582205
2022-01-30,-0.030878284703546786
2022-01-31,0.06675995215290595
2022-02-01,0.09773411413303851
2022-02-02,-0.07690987133291965
2022-02-03,-0.003724246208571528
2022-02-04,0.10039829735460462
2022-02-05,0.015217400400765616
2022-02-06,0.012264490181265386
2022-02-07,0.01766945653745773
2022-02-08,-0.032561059605246336
2022-02-09,0.003724688968758252
2022-02-10,-0.07101790535418721
2022-02-11,-0.09703228195408695
2022-02-12,-0.004822435141928454
2022-02-13,-0.028274987401920724
2022-02-14,0.03363048864240301
2022-02-15,0.08390171368485219
2022-02-16,-0.02843826609699463
2022-02-17,-0.08731181127677279
2022-02-18,-0.036466195678575786
2022-02-19,0.0157656256234011
2022-02-20,-0.006526822062898516
2022-02-21,-0.08945216590430342
2022-02-22,0.03942078625269124
2022-02-23,-0.018237254725420312
2022-02-24,0.04931524723184748
2022-02-25,0.03745427889594932
2022-02-26,-0.026895075462481634
2022-02-27,-0.052642196306877165
2022-02-28,0.15162295659160097
2022-03-01,-0.008747834989669098
2022-03-02,0.020031241970625953
2022-03-03,-0.05210889603975978
2022-03-04,-0.07940849814236127
2022-03-05,0.015760998397259616
2022-03-06,-0.05863851699110291
2022-03-07,-0.02894645557327956
2022-03-08,0.001517108926051393
2022-03-09,0.06980910057385264
2022-03-10,-0.06152392416670601
2022-03-11,-0.02681046547110413
2022-03-12,0.009967162564915753
2022-03-13,-0.03262481665394595
2022-03-14,0.02794854000807581
2022-03-15,0.02171245962485513
2022-03-16,0.05794172367282634
2022-03-17,-0.0003046889103544527
2022-03-18,0.0218939826483141
2022-03-19,0.028493064856881117
2022-03-20,-0.042023838436592714
2022-03-21,0.0016050064300526044
2022-03-22,0.019588578974084045
2022-03-23,0.049464037263661546
2022-03-24,0.07220629667531273
2022-03-25,-0.035503111463860065
2022-03-26,0.030997828167109213
2022-03-27,0.05095743030871188
2022-03-28,-0.005796941234442015
2022-03-29,0.048090324800733206
2022-03-30,0.07739484823939251
2022-03-31,0.01612434234244225
2022-04-01,0.0916223902848697
2022-04-02,-0.016743237322500965
2022-04-03,0.0340322865865939
2022-04-04,-0.03241663178886599
2022-04-05,-0.042821275944898374
2022-04-06,-0.11674644990244308
2022-04-07,0.05105679139986376
2022-04-08,-0.0787435359031994
2022-04-09,0.028478477413644364
2022-04-10,-0.01095045127943326
2022-04-11,-0.11765728657597514
2022-04-12,0.03915993465489616
2022-04-13,0.016279656812725155
2022-04-14,-0.04175560596496607
2022-04-15,0.00595964249529372
2022-04-16,0.009309433167703073
2022-04-17,-0.018233547157061332
2022-04-18,0.01726703297762898
2022-04-19,0.0609801016311036
2022-04-20,-0.0288234035738946
2022-04-21,-0.03590685323279723
2022-04-22,-0.011503618073384687
2022-04-23,0.001314934208065007
2022-04-24,-0.015088218508136757
2022-04-25,0.02007057007585534
2022-04-26,-0.055493001846280074
2022-04-27,0.026749681157303442
2022-04-28,-0.001965136998635583
2022-04-29,-0.04344542339569433
2022-04-30,-0.0996362335503335
2022-05-01,0.05237385888210337
2022-05-02,-0.02358882255738394
2022-05-03,-0.020051482679898276
2022-05-04,0.07761970074241367
2022-05-05,-0.09224522368567349
2022-05-06,-0.03404890814694095
2022-05-07,-0.03460038066192002
2022-05-08,-0.0488183702775138
2022-05-09,-0.17301379981458526
2022-05-10,0.05379043322967842
2022-05-11,-0.2849651029772442
2022-05-12,-0.11662481524219163
2022-05-13,0.08388452101893303
2022-05-14,0.07574441659583922
2022-05-15,0.11509808051618282
2022-05-16,-0.09191782546132043
2022-05-17,0.06283728930222746
2022-05-18,-0.13811751418411417
2022-05-19,0.04821494661376799
2022-05-20,-0.05259989899559949
2022-05-21,0.015612168498951754
2022-05-22,0.04729947072629081
2022-05-23,-0.07268213497010657
2022-05-24,0.012085731465331003
2022-05-25,-0.03423075749922574
2022-05-26,-0.09827594208307079
2022-05-27,-0.0594418795900802
2022-05-28,0.07884153567394946
2022-05-29,0.01269337815661792
2022-05-30,0.049306371125857916
2022-05-31,-0.0303765853443543
2022-06-01,-0.12798314546434592
2022-06-02,0.015319906047794658
2022-06-03,-0.06653387081562115
2022-06-04,0.01741772646469505
2022-06-05,-0.011649813933285728
2022-06-06,0.09777698354750608
2022-06-07,-0.0732104980482996
2022-06-08,-0.015181610109186219
2022-06-09,0.02865701797311051
2022-06-10,-0.07485326414096433
2022-06-11,-0.09225573932123027
2022-06-12,-0.09541424573711502
2022-06-13,-0.08662005264558657
2022-06-14,0.05258805199668379
2022-06-15,0.14897061200003178
2022-06-16,-0.13975434896736147
2022-06-17,0.024804322044849916
2022-06-18,0.034056088044817065
2022-06-19,0.07378819014858645
2022-06-20,0.033691157554900805
2022-06-21,0.01968364746033756
2022-06-22,-0.05694715096684187
2022-06-23,0.11225527304881813
2022-06-24,0.1005187414475545
2022-06-25,0.0028568445423290886
2022-06-26,-0.07159142083801073
2022-06-27,-0.024579835010235255
2022-06-28,-0.08475959573711386
2022-06-29,-0.041986814140786505
2022-06-30,-0.008463569910896201
2022-07-01,-0.023659166176083223
2022-07-02,0.01681776069350042
2022-07-03,0.0007947698072117502
2022-07-04,0.09695633751454742
2022-07-05,-0.03850477127177643
2022-07-06,0.046317910302672696
2022-07-07,0.03822951000900641
2022-07-08,-0.006030520679718736
2022-07-09,-0.005625042083396451
2022-07-10,-0.03676646328515553
2022-07-11,-0.09225331600583761
2022-07-12,-0.021323440282847512
2022-07-13,0.06366535187220228
2022-07-14,0.06102759699312481
2022-07-15,0.008268698882778482
2022-07-16,0.05607896149757729
2022-07-17,-0.02376524833962373
2022-07-18,0.123993599190798
2022-07-19,0.02603121951379992
2022-07-20,-0.06453765455796662
2022-07-21,0.025725363102811424
2022-07-22,-0.06139901783923209
2022-07-23,-0.014320349003067752
2022-07-24,0.023829276586937374
2022-07-25,-0.11062902098134687
2022-07-26,-0.014297211681429448
2022-07-27,0.1077398254278944
2022-07-28,0.06104897695357669
2022-07-29,-0.021665246599691757
2022-07-30,0.042696263357101305
2022-07-31,-0.03147306332783718
2022-08-01,-0.014580234255375808
2022-08-02,-0.049849760179640566
2022-08-03,-0.03091187291251728
2022-08-04,0.007399182094707217
2022-08-05,0.043597305255618404
2022-08-06,-0.012504175952836169
2022-08-07,0.013602151531731799
2022-08-08,0.03781637889451153
2022-08-09,-0.043570223304661405
2022-08-10,0.048191111202704195
2022-08-11,0.010704028081123673
2022-08-12,0.057026982881887824
2022-08-13,0.025063120978750908
2022-08-14,-0.034330419409297826
2022-08-15,-0.024642856515685777
2022-08-16,-0.015277412835118017
2022-08-17,-0.06598111367856932
2022-08-18,-0.021460256235590475
2022-08-19,-0.09697918633624521
2022-08-20,-0.017440729539040817
2022-08-21,0.03519623107906689
2022-08-22,-0.029410657707560024
2022-08-23,0.004833239506867284
2022-08-24,-0.01949905365242402
2022-08-25,0.010204297002583327
2022-08-26,-0.10720129109614981
2022-08-27,-0.005814239328943626
2022-08-28,-0.03714487595842872
2022-08-29,0.06598291971053405
2022-08-30,-0.03297998847948399
2022-08-31,0.0019368605466114743
2022-09-01,0.0035751653111871316
2022-09-02,-0.011390904252927665
2022-09-03,-0.00380017345417745
2022-09-04,0.031560003964868175
2022-09-05,0.0027275311110808277
2022-09-06,-0.04131132856199519
2022-09-07,0.05721999713510429
2022-09-08,0.02707444778648102
2022-09-09,0.03310163424664344
2022-09-10,0.011077322734428307
2022-09-11,-0.00458726532020702
2022-09-12,0.06794203823953877
2022-09-13,-0.1128389680102823
2022-09-14,0.019572063952563213
2022-09-15,-0.031098713016378832
2022-09-16,-0.02570995662662868
2022-09-17,0.046761951730407154
2022-09-18,-0.08308734128061074
2022-09-19,0.051009385518731416
2022-09-20,-0.03906593033578937
2022-09-21,-0.019488840924726757
2022-09-22,0.05006248383171839
2022-09-23,0.03837106379020958
2022-09-24,-0.0063743949985699214
2022-09-25,-0.03426848637781747
2022-09-26,0.04667981332960788
2022-09-27,-0.033934305004480754
2022-09-28,0.014709833020505443
2022-09-29,0.021344255059534873
2022-09-30,-0.02203637615259819
2022-10-01,-0.022626690804397186
2022-10-02,-0.012822979059245258
2022-10-03,0.02805092898183812
2022-10-04,0.03443024334147162
2022-10-05,-0.0014249385906541679
2022-10-06,-0.021688765039391215
2022-10-07,-0.010290483563604201
2022-10-08,-0.012916753258097036
2022-10-09,0.01025935451467693
2022-10-10,-0.029070478307478605
2022-10-11,-0.038060677030497925
2022-10-12,0.01254784917140802
2022-10-13,-0.020125972192215746
2022-10-14,-0.017740665370589905
2022-10-15,-0.014503433990555606
2022-10-16,0.019868444122915413
2022-10-17,0.034405480405325525
2022-10-18,-0.034554949424445015
2022-10-19,-0.04279091333785551
2022-10-20,-0.028630177883306778
2022-10-21,0.000839258516091679
2022-10-22,-0.003378834636317029
2022-10-23,0.04386604654634374
2022-10-24,-0.03334815630770108
2022-10-25,0.08883168993643417
2022-10-26,0.011080782179235733
2022-10-27,-0.021129525266046376
2022-10-28,0.04720653162896664
2022-10-29,0.02296186236622411
2022-10-30,0.0033059204665918758
2022-10-31,-0.010823805960381074
2022-11-01,-0.011181636195400552
2022-11-02,-0.04634170511026312
2022-11-03,0.001810856535484334
2022-11-04,0.090955828990943
2022-11-05,0.08467286996161977
2022-11-06,-0.11769415885006587
2022-11-07,-0.09905308027945645
2022-11-08,-0.20341381638705927
2022-11-09,-0.5495821089434287
2022-11-10,0.23768981190532643
2022-11-11,-0.07970906673085996
2022-11-12,-0.11596982698894374
2022-11-13,-0.0993087901354202
2022-11-14,0.06162818640493958
2022-11-15,0.02119585511889309
2022-11-16,-0.0011044377285751937
2022-11-17,-0.046331715047353964
2022-11-18,-0.0291052942487793
2022-11-19,-0.030385869104671462
2022-11-20,-0.04766552387161976
2022-11-21,-0.0337493412693805
2022-11-22,0.04855747929762896
2022-11-23,0.1432899559370283
2022-11-24,0.015956643629659678
2022-11-25,-0.036254894815724296
2022-11-26,0.00680711649983815
2022-11-27,-0.003071798746989999
2022-11-28,-0.05170054228119395
2022-11-29,-0.0025983425903468972
2022-11-30,0.05427611645452985
2022-12-01,-0.045990649270595055
2022-12-02,0.017257844040013386
2022-12-03,-0.030587976741656114
2022-12-04,0.030775972897779582
2022-12-05,0.008195820743020735
2022-12-06,0.032559225235592876
2022-12-07,-0.055335406501240726
2022-12-08,0.012464404445543352
2022-12-09,-0.007996881524306838
2022-12-10,-0.00023507224135137412
2022-12-11,-0.011048970326948645
2022-12-12,-0.008170529516442739
2022-12-13,0.037970959307752426
2022-12-14,0.021916508062935162
2022-12-15,-0.008452190369002485
2022-12-16,-0.1337120183677222
2022-12-17,0.019200270111487297
2022-12-18,-0.0073269083336049675
2022-12-19,-0.03947521231988922
2022-12-20,0.028735049947348993
2022-12-21,-0.01241576155060728
2022-12-22,-0.027936829143692225
2022-12-23,-0.0007347595115489222
2022-12-24,-0.02943680683886499
2022-12-25,-0.004938010023141509
2022-12-26,-0.007164065881119513
2022-12-27,-0.019755957194629966
2022-12-28,-0.12775879052028988
2022-12-29,-0.010730192399221808
2022-12-30,0.023387715934286336
2022-12-31,0.008150962243358486
2023-01-01,0.0021194568234800108
2023-01-02,0.12160678978219648
2023-01-03,0.1686626770041047
2023-01-04,0.0068013833032995385
2023-01-05,-0.0011754711917376975
2023-01-06,0.007905878451624727
2023-01-07,-0.032580230255565175
2023-01-08,0.0896306523786884
2023-01-09,0.12966375464187505
2023-01-10,-0.006507237340522933
2023-01-11,0.009994579783411478
2023-01-12,0.015745651956776276
2023-01-13,0.09572018580404151
2023-01-14,0.2821248659958209
2023-01-15,-0.05842371382329418
2023-01-16,0.03032502648497686
2023-01-17,-0.029854831183081618
2023-01-18,-0.09305642364914196
2023-01-19,0.02725652479106031
2023-01-20,0.1759287881499602
2023-01-21,-0.0366922157454504
2023-01-22,-0.016170760127564472
2023-01-23,0.005145746427922647
2023-01-24,-0.06628166724827507
2023-01-25,0.07501426201130643
2023-01-26,-0.009024560210846732
2023-01-27,0.0023446698464179793
2023-01-28,-0.017609832812000552
2023-01-29,0.0858801401065365
2023-01-30,-0.08736071159171828
2023-01-31,0.0002599468514484712
2023-02-01,0.04253546629520242
2023-02-02,-0.029572739417129356
2023-02-03,0.016992139313024363
2023-02-04,-0.014823194476188744
2023-02-05,-0.03448516063387664
2023-02-06,-0.03407486347160374
2023-02-07,0.04961396229486383
2023-02-08,-0.028423961754363146
2023-02-09,-0.12574940647856014
2023-02-10,-0.01587021566615732
2023-02-11,0.034182136228850794
2023-02-12,0.031187893768886712
2023-02-13,-0.033109807010102695
2023-02-14,0.048577035222031134
2023-02-15,0.09015070686817055
2023-02-16,-0.06924815145915829
2023-02-17,0.038761880907294925
2023-02-18,0.013370635614574949
2023-02-19,0.05639649244324105
2023-02-20,0.0525632202729109
2023-02-21,-0.04823267913928871
2023-02-22,-0.03123443213429564
2023-02-23,-0.011669664800293236
2023-02-24,-0.036114497311555964
2023-02-25,-0.023242723230616012
2023-02-26,0.032012218472851225
2023-02-27,-0.024528571360174358
2023-02-28,-0.03480373963510592
2023-03-01,0.02656646895988712
2023-03-02,-0.023446238422021783
2023-03-03,-0.02699418861378532
2023-03-04,-0.020418602558536957
2023-03-05,0.0005600348944190144
2023-03-06,-0.016512892915329855
2023-03-07,-0.01909462212791981
2023-03-08,-0.09439275270433435
2023-03-09,-0.06232451356340332
2023-03-10,0.052639339813527454
2023-03-11,-0.0009761246043425838
2023-03-12,0.10829899497094697
2023-03-13,0.006046535869660022
2023-03-14,0.023903505365631697
2023-03-15,-0.08145189574517653
2023-03-16,0.022530152269258683
2023-03-17,0.09187190722467768
2023-03-18,-0.02023190054419429
2023-03-19,0.03283412731727411
2023-03-20,0.012389567626980756
2023-03-21,0.019726306872505348
2023-03-22,-0.051612965430735645
2023-03-23,0.03370286883593925
2023-03-24,-0.0717360360693853
2023-03-25,-0.011292877583511165
2023-03-26,0.02553715782936871
2023-03-27,-0.05154768295743386
2023-03-28,0.0271861470489621
2023-03-29,0.0308219011665951
2023-03-30,-0.026904511735125928
2023-03-31,0.029696655887025452
2023-04-01,-0.009246689785547643
2023-04-02,-0.021134862077792273
2023-04-03,-0.004583971904733798
2023-04-04,0.023283450331086388
2023-04-05,0.0019759825301875187
2023-04-06,-0.017119798005949177
2023-04-07,-0.00682514703631025
2023-04-08,-0.021404391464321822
2023-04-09,0.01304145352010321
2023-04-10,0.02831008265806802
2023-04-11,0.0974078428735907
2023-04-12,0.041128918671482675
2023-04-13,0.018464978909493494
2023-04-14,0.013836775148432758
2023-04-15,-0.028387343207912374
2023-04-16,0.05189331872851014
2023-04-17,-0.03217701801009916
2023-04-18,0.01189389005997849
2023-04-19,-0.09003578887000384
2023-04-20,-0.023674277901295594
2023-04-21,-0.04157588519383688
2023-04-22,0.024976812563624527
2023-04-23,-0.01552811580426233
2023-04-24,-0.004155212876654628
2023-04-25,0.02475680758478736
2023-04-26,-0.029821111086511295
2023-04-27,0.04847470885699969
2023-04-28,0.04491034387457094
2023-04-29,-0.007875155603024103
2023-04-30,-0.015255433851178493
2023-05-01,-0.03772898597691565
2023-05-02,0.012580277654115126
2023-05-03,-0.0021120935104711703
2023-05-04,-0.022193039562107726
2023-05-05,0.04919525696847884
2023-05-06,-0.03803322267431667
2023-05-07,-0.005935114550976595
2023-05-08,-0.055860093897266434
2023-05-09,0.0012666415857966638
2023-05-10,0.012972442271957095
2023-05-11,-0.03490787549061344
2023-05-12,0.03290546736080018
2023-05-13,-0.002059982902394171
2023-05-14,0.00404746229994109
2023-05-15,0.0025638859648560003
2023-05-16,-0.015725677400353393
2023-05-17,0.018635234973123128
2023-05-18,-0.03475744110925481
2023-05-19,5.773766022253012e-05
2023-05-20,-0.0031708655904858756
2023-05-21,-0.033892713596467165
2023-05-22,-0.00344264944691549
2023-05-23,0.025320736063950963
2023-05-24,-0.04174707923110402
2023-05-25,0.0019227964115245727
2023-05-26,0.005503569809815551
2023-05-27,0.05320273789776484
2023-05-28,0.018113542091151114
2023-05-29,-0.010248639143314727
2023-05-30,0.031913055388330426
2023-05-31,-0.020418728390827916
2023-06-01,-0.015597231733233803
2023-06-02,0.036181158493836206
2023-06-03,-0.0048112423618546715
2023-06-04,0.030877020934313004
2023-06-05,-0.08330178153278767
2023-06-06,0.015982305925584445
2023-06-07,-0.09045748910506643
2023-06-08,0.01466007668674866
2023-06-09,-0.08436029486587715
2023-06-10,-0.10444214581780029
2023-06-11,-0.0062358499747269995
2023-06-12,-0.023546038308566206
2023-06-13,-0.011816458860343597
2023-06-14,-0.0360401787887265
2023-06-15,0.01866293373271209
2023-06-16,0.03650707197002891
2023-06-17,0.022112049322720116
2023-06-18,-0.013656982330007412
2023-06-19,0.04029621095651144
2023-06-20,0.03437934327627839
2023-06-21,0.036697712399610304
2023-06-22,-0.03625362903034403
2023-06-23,0.03000413431287559
2023-06-24,-0.02938888806858287
2023-06-25,0.018946282894519714
2023-06-26,-0.04220381890889272
2023-06-27,0.021261133062177
2023-06-28,-0.03881964528573305
2023-06-29,0.11696305786214287
2023-06-30,0.05029106683102406
2023-07-01,-0.011357865926349017
2023-07-02,0.040369508177511025
2023-07-03,-0.011012456566299636
2023-07-04,-0.005070337185781712
2023-07-05,-0.007885689739340191
2023-07-06,0.038045806214475376
2023-07-07,0.08523025310469706
2023-07-08,0.01728558395271583
2023-07-09,-0.023619882397829226
2023-07-10,-0.0016514975053761943
2023-07-11,0.03590418789305104
2023-07-12,-0.0052339687530322185
2023-07-13,0.16906050567690675
2023-07-14,0.02691606564381784
2023-07-15,0.024227055661694825
2023-07-16,-0.0002655467584906744
2023-07-17,-0.018848548876207898
2023-07-18,-0.05069118311167626
2023-07-19,0.03189401886913084
2023-07-20,-0.038545159284438156
2023-07-21,0.00664188123793516
2023-07-22,-0.040310093447961895
2023-07-23,0.009401820033691608
2023-07-24,-0.057559945879401185
2023-07-25,-0.00437922951053988
2023-07-26,0.07836751775687842
2023-07-27,-0.0030915860025995862
2023-07-28,-0.010110147818872772
2023-07-29,0.012880773837480722
2023-07-30,-0.03674114669820592
2023-07-31,-0.022511985042676357
2023-08-01,0.011642942996383103
2023-08-02,-0.036191909135883826
2023-08-03,-0.022266208545406528
2023-08-04,0.006936899489155904
2023-08-05,-0.007106784992853905
2023-08-06,0.024161671310915525
2023-08-07,-0.005056369483315878
2023-08-08,0.04835945291865095
2023-08-09,0.006864085994263191
2023-08-10,0.009574195238625259
2023-08-11,-0.0012273956006831725
2023-08-12,0.013088583399183255
2023-08-13,-0.027014877565292937
2023-08-14,0.03644926238537251
2023-08-15,-0.05083687804477579
2023-08-16,-0.046449942527623585
2023-08-17,-0.04951383877823237
2023-08-18,-0.017399771481576974
2023-08-19,0.025156974934113306
2023-08-20,-0.004845685330178376
2023-08-21,-0.026292609132286697
2023-08-22,-0.0316980928052184
2023-08-23,0.05478666901846561
2023-08-24,-0.031385156209323244
2023-08-25,-0.030916190019282464
2023-08-26,-0.005521846898026946
2023-08-27,0.024663931728223332
2023-08-28,-0.01111362879928206
2023-08-29,0.05782078330715138
2023-08-30,-0.04439753416196183
2023-08-31,-0.05423126481366345
2023-09-01,-0.02085159637390946
2023-09-02,0.008546805847267223
2023-09-03,0.0043510425150943815
2023-09-04,-0.004060487909517181
2023-09-05,0.03887545429430616
2023-09-06,-0.03270864219754407
2023-09-07,0.013691230909914092
2023-09-08,-0.014761355710352404
2023-09-09,-0.007835753954693022
2023-09-10,-0.06354406417754936
2023-09-11,-0.02832603419098159
2023-09-12,0.010690646404145236
2023-09-13,0.026048063846439956
2023-09-14,0.02337868457475418
2023-09-15,0.017393891303024968
2023-09-16,-0.0014865773811745051
2023-09-17,-0.01626184758532366
2023-09-18,0.04290816601566705
2023-09-19,0.01909403984068094
2023-09-20,0.013324031129047386
2023-09-21,-0.041523486494899814
2023-09-22,-0.00210323347799167
2023-09-23,0.0018379392291951754
2023-09-24,-0.005128341769738607
2023-09-25,0.0015395159201689146
2023-09-26,-0.019822618775735257
2023-09-27,0.005595085281273101
2023-09-28,0.04235192936685085
2023-09-29,0.017042303812294483
2023-09-30,0.05251096629556123
2023-10-01,0.10805333083894796
2023-10-02,-0.019691565258989293
2023-10-03,0.007714321264848046
2023-10-04,-0.017470658166610312
2023-10-05,-0.019662761613711967
2023-10-06,0.03167370569164418
2023-10-07,-0.00587227398722591
2023-10-08,-0.001756850464303016
2023-10-09,-0.04974168904758664
2023-10-10,-0.0006006248533156648
2023-10-11,-0.0044294193778866425
2023-10-12,-0.03265998781487806
2023-10-13,0.024790726122657685
2023-10-14,0.00806459309468727
2023-10-15,-0.00408302464852279
2023-10-16,0.08985153076883771
2023-10-17,-0.0009861727013491404
2023-10-18,-0.022248797745519105
2023-10-19,0.06228100370791924
2023-10-20,0.08069376160225686
2023-10-21,0.08344286529896991
2023-10-22,-0.011966216569299724
2023-10-23,0.09250836254863276
2023-10-24,-0.054832395931222515
2023-10-25,0.07386711709477968
2023-10-26,0.009578074986118066
2023-10-27,-0.03211287724315437
2023-10-28,-0.002725222991236875
2023-10-29,0.03627458501843076
2023-10-30,0.06315383520433238
2023-10-31,0.09689361129574049
2023-11-01,0.07360132630287868
2023-11-02,-0.030711083524457273
2023-11-03,-0.017254461192221807
2023-11-04,0.06908723111983789
2023-11-05,-0.026513282708674896
2023-11-06,0.02135184712319499
2023-11-07,0.022623403289939756
2023-11-08,0.0022563916758541564
2023-11-09,0.05089262565252669
2023-11-10,0.22028444017912188
2023-11-11,-0.009600212732032506
2023-11-12,0.0009164238085055294
2023-11-13,-0.07864503058846058
2023-11-14,0.09075707528580754
2023-11-15,0.14236349457822392
2023-11-16,-0.12435185516576333
2023-11-17,0.00936536631118749
2023-11-18,0.001655545030442528
2023-11-19,0.04806065309022227
2023-11-20,-0.08246565409196548
2023-11-21,-0.08358645005567938
2023-11-22,0.10207109053021185
2023-11-23,-0.017326067988226196
2023-11-24,0.0047075196637074886
2023-11-25,0.034226813639739555
2023-11-26,-0.020668554949544757
2023-11-27,-0.04575619370089972
2023-11-28,0.055281197029153024
2023-11-29,0.017979349739723465
2023-11-30,-0.00014358433944175873
2023-12-01,0.009448114153724249
2023-12-02,0.0651955908855564
2023-12-03,-0.012499174332330248
2023-12-04,-0.024299067709767166
2023-12-05,-0.008680723346636164
2023-12-06,0.014778839655795723
2023-12-07,0.09155203389064273
2023-12-08,0.10040056550988316
2023-12-09,-0.037282961543635085
2023-12-10,0.03332129359323877
2023-12-11,-0.05983204445774936
2023-12-12,-0.026299414411815616
2023-12-13,0.03197643400015824
2023-12-14,0.06632130249955323
2023-12-15,-0.0439473074514723
2023-12-16,0.015146973679510706
2023-12-17,-0.034237655260723386
2023-12-18,0.04605829497936357
2023-12-19,-0.01842619866881254
2023-12-20,0.11872933437365048
2023-12-21,0.1327004268914314
2023-12-22,0.04325611622615608
2023-12-23,0.0933618699370758
2023-12-24,0.04445475614451414
2023-12-25,0.07417845521929659
2023-12-26,-0.07247727314202511
2023-12-27,-0.051471763010306384
2023-12-28,-0.04705373368581919
2023-12-29,0.04037614327272565
2023-12-30,-0.042920726952130395
2023-12-31,-0.0033367367850105087
2024-01-01,0.07588768721062897
2024-01-02,-0.02681506430366591
2024-01-03,-0.07817393517520893
2024-01-04,0.0636836938086058
2024-01-05,-0.049740464105042806
2024-01-06,-0.06317805389861295
2024-01-07,-0.05004346105958815
2024-01-08,0.09109030539027659
2024-01-09,0.016417680433570402
2024-01-10,0.026051949424746344
2024-01-11,-0.021032320006261068
2024-01-12,-0.08551379673004907
2024-01-13,0.042781872325997075
2024-01-14,-0.016822073098852208
2024-01-15,0.0037862394429676533
2024-01-16,0.03265681512318636
2024-01-17,0.0444429113196582
2024-01-18,-0.07963519016782128
2024-01-19,-0.00921768942940714
2024-01-20,-0.008779874323599167
2024-01-21,-0.018770818595770743
2024-01-22,-0.08287622837302991
2024-01-23,0.0077630607620714255
2024-01-24,0.0515413075114254
2024-01-25,-0.02098680251705543
2024-01-26,0.06195149700021428
2024-01-27,0.018444216349666913
2024-01-28,0.018672334625506833
2024-01-29,0.05701343951216841
2024-01-30,-0.0009228638858330327
2024-01-31,-0.0447856154169793
2024-02-01,0.008395008561714943
2024-02-02,0.02616380726921791
2024-02-03,-0.025823669268191764
2024-02-04,-0.024857100803269413
2024-02-05,0.0007506956768536083
2024-02-06,0.013642099896431453
2024-02-07,0.04163758367656922
2024-02-08,0.017730291367656956
2024-02-09,0.03955997244385241
2024-02-10,0.020347702901653313
2024-02-11,-0.01510631331359942
2024-02-12,0.040987169209867655
2024-02-13,0.005223773738884969
2024-02-14,0.03831364298950937
2024-02-15,-0.028413365282589746
2024-02-16,-0.029032260962483496
2024-02-17,-0.013324712984907425
2024-02-18,0.028856021381889703
2024-02-19,-0.00616425370235645
2024-02-20,-0.027514873986200467
2024-02-21,-0.03122590389316509
2024-02-22,-0.033421992707382255
2024-02-23,-0.017013180283394897
2024-02-24,0.04095689142618454
2024-02-25,-0.006551789940663347
2024-02-26,0.06061733389435632
2024-02-27,-0.014021324770674025
2024-02-28,0.08540874169298968
2024-02-29,0.0628628346961817
2024-03-01,0.03347088171732741
2024-03-02,-0.0022351391281776036
2024-03-03,0.005771175960560888
2024-03-04,0.02081441170279248
2024-03-05,-0.05785956542770069
2024-03-06,0.03927456414003163
2024-03-07,0.09643346838183615
2024-03-08,0.008728260198056113
2024-03-09,-0.004366319831601597
2024-03-10,-0.0006369034116992355
2024-03-11,0.02888893568860856
2024-03-12,0.01510858883262015
2024-03-13,0.08150710613839417
2024-03-14,0.07544956157935741
2024-03-15,0.03495442626812814
2024-03-16,-0.0059441882359772494
2024-03-17,0.10553022011138485
2024-03-18,-0.030801542256676383
2024-03-19,-0.14218347554567712
2024-03-20,0.11925269175954989
2024-03-21,-0.06652861546653133
2024-03-22,-0.027474883753310808
2024-03-23,-0.008416977726115842
2024-03-24,0.05988847290497537
2024-03-25,0.02957404633757309
2024-03-26,0.008511838602495003
2024-03-27,-0.023012626014697956
2024-03-28,0.017342503581841376
2024-03-29,0.013651258818590448
2024-03-30,0.011161613333636139
2024-03-31,0.04274221250752787
2024-04-01,-0.052137307707362524
2024-04-02,-0.06100015909820507
2024-04-03,0.022250496704160294
2024-04-04,-0.006990674840790141
2024-04-05,-0.05277469530760655
2024-04-06,0.024979358310828162
2024-04-07,0.00409695840948177
2024-04-08,0.006297518951121142
2024-04-09,-0.04741087669532064
2024-04-10,0.005920154698568158
2024-04-11,-0.004976647601679928
2024-04-12,-0.11625716206937936
2024-04-13,-0.09765358389146343
2024-04-14,0.08223597731622177
2024-04-15,-0.08823252511558996
2024-04-16,-0.01622591348579083
2024-04-17,-0.03291903361802373
2024-04-18,0.07461952945401297
2024-04-19,0.0042006852210452325
2024-04-20,0.0575561120374577
2024-04-21,-0.016843141993255588
2024-04-22,0.055123827389929915
2024-04-23,-0.014948415396814928
2024-04-24,-0.04600740584584838
2024-04-25,-0.019499346528820825
2024-04-26,-0.040765171857572134
2024-04-27,0.015584340291968703
2024-04-28,-0.02459596548056036
2024-04-29,-0.0005787236754948422
2024-04-30,-0.08174054551551027
2024-05-01,0.0586218353080914
2024-05-02,0.023393222226462475
2024-05-03,0.04232409496174261
2024-05-04,0.016298677810653295
2024-05-05,-0.002892106599545374
2024-05-06,0.047506449306680916
2024-05-07,-0.031026123973529097
2024-05-08,-0.04021891919485502
2024-05-09,0.07155615735648513
2024-05-10,-0.04436552801804329
2024-05-11,-0.006191649429180553
2024-05-12,-0.012419448577137478
2024-05-13,0.025871316946833433
2024-05-14,-0.03631029230478356
2024-05-15,0.10773570644671368
2024-05-16,0.005859561987761481
2024-05-17,0.06339677934372229
2024-05-18,0.017590966910922923
2024-05-19,-0.014288430910532604
2024-05-20,0.09220544131108935
2024-05-21,-0.046105247655555244
2024-05-22,-0.007073002339239772
2024-05-23,-0.0049596731198485455
2024-05-24,-0.04764874622918795
2024-05-25,0.003811133091858312
2024-05-26,-0.030664889750658526
2024-05-27,0.039875041475778056
2024-05-28,-0.007945136173031327
2024-05-29,-0.0034341012941263766
2024-05-30,-0.0065432152021662
2024-05-31,-0.008050338615994315
2024-06-01,0.002369594490706986
2024-06-02,-0.016890323990687912
2024-06-03,0.01019929170872349
2024-06-04,0.04086071914963821
2024-06-05,0.009736875798266946
2024-06-06,-0.02018524922377127
2024-06-07,-0.045172462056399146
2024-06-08,-0.028323188131594047
2024-06-09,0.025714074856183877
2024-06-10,-0.019660847151613616
2024-06-11,-0.06163015504205836
2024-06-12,0.037748784479844616
2024-06-13,-0.052000819901475676
2024-06-14,-0.029064423397632988
2024-06-15,0.016067770934879478
2024-06-16,0.0385380614901109
2024-06-17,-0.05293115606125752
2024-06-18,-0.041526493218853565
2024-06-19,-0.01387279352098556
2024-06-20,-0.015881276849835913
2024-06-21,0.008321587382832032
2024-06-22,-0.006844619875510249
2024-06-23,-0.03874354641732217
2024-06-24,0.027996652887263516
2024-06-25,0.03212925506232794
2024-06-26,0.00036565012393443186
2024-06-27,0.08982714532789678
2024-06-28,-0.06742944431376555
2024-06-29,0.0021932977972134587
2024-06-30,0.0452592834418594
2024-07-01,0.0006999245273879435
2024-07-02,0.04733170036736533
2024-07-03,-0.08815259335328553
2024-07-04,-0.09833834546584708
2024-07-05,0.0520774008334089
2024-07-06,0.06393751640279859
2024-07-07,-0.08344074139670657
2024-07-08,0.05671530305935149
2024-07-09,0.013423768726368765
2024-07-10,0.004421407756841755
2024-07-11,-0.04385365066191718
2024-07-12,0.026469533040323456
2024-07-13,0.017033149028790294
2024-07-14,0.03935852714626975
2024-07-15,0.08010399254326599
2024-07-16,0.003856054273910619
2024-07-17,-0.031430666577541976
2024-07-18,0.022173096080117603
2024-07-19,0.061638358177084226
2024-07-20,0.027435261406742257
2024-07-21,0.05944179185601976
2024-07-22,-0.030610475055262643
2024-07-23,-0.035375222609900864
2024-07-24,0.030075737824203263
2024-07-25,-0.034685244420257486
2024-07-26,0.06295320474942863
2024-07-27,0.005166828157615079
2024-07-28,0.004340041099785105
2024-07-29,-0.011453347219264763
2024-07-30,-0.020302022810972768
2024-07-31,-0.04150122175639132
2024-08-01,-0.024472847744143666
2024-08-02,-0.09393979303115761
2024-08-03,-0.06577160119407482
2024-08-04,-0.03464623979874481
2024-08-05,-0.06116267984141441
2024-08-06,0.10395053371827268
2024-08-07,0.003752624092290923
2024-08-08,0.11913196017213916
2024-08-09,-0.040542622810616845
2024-08-10,-0.016095160908853736
2024-08-11,-0.08419793063976444
2024-08-12,0.03422352675356854
2024-08-13,0.0017631827433136828
2024-08-14,-0.019194556121303007
2024-08-15,-0.008216083987244435
2024-08-16,-0.024216274412923202
2024-08-17,0.01755780463666166
2024-08-18,0.005544432969595935
2024-08-19,0.01224566178708846
2024-08-20,-0.008180235841667728
2024-08-21,-0.003205082686016591
2024-08-22,0.0038348775056158335
2024-08-23,0.0664908425137821
2024-08-24,0.04859924315154493
2024-08-25,-0.011404371406603693
2024-08-26,-0.010579016191720329
2024-08-27,-0.06802113600742364
2024-08-28,-0.02067354121951128
2024-08-29,-0.02703047805798252
2024-08-30,-0.014050292424898409
2024-08-31,-0.01993481180921838
2024-09-01,-0.05063248326826921
2024-09-02,0.04788159860929173
2024-09-03,-0.056567621529757764
2024-09-04,0.04615486864211857
2024-09-05,-0.0325203940666015
2024-09-06,-0.0341248232346398
2024-09-07,0.02161829566621132
2024-09-08,0.017601187262471372
2024-09-09,0.038010724223638645
2024-09-10,0.004504566706166444
2024-09-11,-0.023406148508360636
2024-09-12,0.02713482087157447
2024-09-13,0.02149920852019616
2024-09-14,-0.013904660758970334
2024-09-15,-0.042290111250167156
2024-09-16,-0.00020378170782714484
2024-09-17,0.0004903519349246328
2024-09-18,0.01849021032472898
2024-09-19,0.06392004087097339
2024-09-20,0.025782285976452754
2024-09-21,0.019995918916109492
2024-09-22,-0.03209855035189255
2024-09-23,7.829109424786316e-05
2024-09-24,0.05427579940724299
2024-09-25,-0.03236225700618389
2024-09-26,0.04976445294354742
2024-09-27,0.01387614191537999
2024-09-28,-0.005323236655023962
2024-09-29,0.010881308857784981
2024-09-30,-0.03862804474958683
2024-10-01,-0.049210178252828495
2024-10-02,-0.034338332934070494
2024-10-03,-0.02598091526585784
2024-10-04,0.04563688712652952
2024-10-05,-0.0032217674261650563
2024-10-06,0.025805120312981128
2024-10-07,-0.01687566608436232
2024-10-08,-0.004157243171205809
2024-10-09,-0.02885763900830795
2024-10-10,-0.0030705844195271803
2024-10-11,0.04568808663527512
2024-10-12,0.007668497985753428
2024-10-13,0.0072917221839233146
2024-10-14,0.06475788312500298
2024-10-15,-0.017455929660278206
2024-10-16,-0.0031487113606604926
2024-10-17,-0.02573246201428599
2024-10-18,0.03052994929141686
2024-10-19,0.02964740288491321
2024-10-20,0.04471612235548412
2024-10-21,-0.004339983683382334
2024-10-22,0.006256966808889443
2024-10-23,0.021718345819881458
2024-10-24,0.03576727429184715
2024-10-25,-0.07256495172030475
2024-10-26,0.035471526828433866
2024-10-27,0.03365699642867176
2024-10-28,0.008773166952844766
2024-10-29,0.007026405351922574
2024-10-30,-0.025041977722375857
2024-10-31,-0.03783696384311465
2024-11-01,-0.01295454601894768
2024-11-02,-0.0015155352683569614
2024-11-03,-0.021056463898049684
2024-11-04,-0.03000052156904324
2024-11-05,0.05533701196547647
2024-11-06,0.1145366783832179
2024-11-07,0.048953506389236935
2024-11-08,0.018192053408639768
2024-11-09,0.0012790976621207854
2024-11-10,0.05073429177707986
2024-11-11,0.05553789080970184
2024-11-12,-0.047884525534766666
2024-11-13,0.013816927641857825
2024-11-14,-0.028114168619004492
2024-11-15,0.04154844662449589
2024-11-16,-0.010352026481031038
2024-11-17,0.09590729119790069
2024-11-18,0.00929566781345444
2024-11-19,-0.007100804740389746
2024-11-20,-0.01129376055833926
2024-11-21,0.0879457227031098
2024-11-22,-0.0021309475993013666
2024-11-23,-0.0052381263068304994
2024-11-24,-0.008891993814821326
2024-11-25,-0.07584347179213771
2024-11-26,-0.01490457097577538
2024-11-27,0.04786245878485076
2024-11-28,-0.018907154820527662
2024-11-29,0.024041588358073376
2024-11-30,-0.024126817967683883
2024-12-01,-0.002838222055944331
2024-12-02,-0.048899531157260215
2024-12-03,0.03672117223811511
2024-12-04,-0.021934007364423802
2024-12-05,0.021072773642498502
2024-12-06,0.012960035481938395
2024-12-07,0.006294765336989296
2024-12-08,-0.007893751106124355
2024-12-09,-0.08520695169336341
2024-12-10,-0.0163135454545058
2024-12-11,0.06176040846139421
2024-12-12,-0.0018488220211807002
2024-12-13,-0.009690701971123202
2024-12-14,-0.022473546828731605
2024-12-15,0.017213156976907472
2024-12-16,-0.033288668176273156
2024-12-17,0.029521628487277272
2024-12-18,-0.07662199817614739
2024-12-19,-0.06040392310684571
2024-12-20,-0.00039300467032313605
2024-12-21,-0.06876952406326713
2024-12-22,-0.006266303730264076
2024-12-23,0.051832050233390055
2024-12-24,0.03742115988949842
2024-12-25,0.002484619216417384
2024-12-26,-0.0480312103758986
2024-12-27,-0.02359831839682135
2024-12-28,0.059065837183603795
2024-12-29,-0.027391784385357047
2024-12-30,0.006743073412686495
2024-12-31,-0.009274848073683048
2025-01-01,0.024061683961395856
2025-01-02,0.0692103826029758
2025-01-03,0.04691788093567213
2025-01-04,-0.00517718425605161
2025-01-05,-0.015019675333759875
2025-01-06,0.024668187101984738
2025-01-07,-0.07839975495370091
2025-01-08,-0.023369390477582092
2025-01-09,-0.06554504965524713
2025-01-10,0.013708553211370414
2025-01-11,0.0022170622230364284
2025-01-12,0.003000168337672652
2025-01-13,-0.0308322057365596
2025-01-14,0.02518529537707371
2025-01-15,0.09367436067624275
2025-01-16,0.02549166232776869
2025-01-17,0.03896874119797842
2025-01-18,0.1759411238873038
2025-01-19,-0.04404361591840164
2025-01-20,-0.03383243498715277
2025-01-21,0.03314350538929291
2025-01-22,0.0268845596918551
2025-01-23,-0.014812178296442316
2025-01-24,-0.0003708596923404634
2025-01-25,0.010648594106061865
2025-01-26,-0.06115159623263267
2025-01-27,-0.02441095814564006
2025-01-28,-0.034054127509464426
2025-01-29,0.003255934320858852
2025-01-30,0.04745632982978153
2025-01-31,-0.03138498392137283
2025-02-01,-0.08020448951678663
2025-02-02,-0.05117581515751413
2025-02-03,0.062175566407985695
2025-02-04,-0.042807634551533164
2025-02-05,-0.055108875104790886
2025-02-06,-0.032228225876949505
2025-02-07,0.012734753050493272
2025-02-08,0.03775416494774484
2025-02-09,0.004487210745891573
2025-02-10,-0.0007045201829902502
2025-02-11,-0.01191960982160358
2025-02-12,-0.006123075531023554
2025-02-13,-0.011823478642273788
2025-02-14,0.027764273669772604
2025-02-15,-0.02765560264134432
2025-02-16,-0.03131417772045905
2025-02-17,-0.058986866352168724
2025-02-18,-0.04964166752191938
2025-02-19,-0.00043470806130396945
2025-02-20,0.04079909852410602
2025-02-21,-0.04150445683166105
2025-02-22,0.019183593260971167
2025-02-23,-0.024250034852588948
2025-02-24,-0.16843781989353154
2025-02-25,0.014808318719183308
2025-02-26,-0.06653675113515158
2025-02-27,0.020477519646069337
2025-02-28,0.07291294607494307
2025-03-01,-0.029856339759722128
2025-03-02,0.217004672299375
2025-03-03,-0.2285878321576763
2025-03-04,0.020182716748342457
2025-03-05,0.009277525536809657
2025-03-06,-0.020110155243470994
2025-03-07,-0.029348253368064688
2025-03-08,-0.01641933934870178
2025-03-09,-0.0798262831898454
2025-03-10,-0.06657774817456434
2025-03-11,0.05726906919347511
2025-03-12,0.010477066301059698
2025-03-13,-0.02639208905773811
2025-03-14,0.07820281519549628
2025-03-15,0.019300690016078918
2025-03-16,-0.07582406191703778
2025-03-17,0.017120939339876767
2025-03-18,-0.022496242762399286
2025-03-19,0.07869442422166494
2025-03-20,-0.06141234068144513
2025-03-21,0.0072921628412239295
2025-03-22,0.0004256051792399291
2025-03-23,0.031519893478053285
2025-03-24,0.06050040815025331
2025-03-25,0.020709844290459696
2025-03-26,-0.04645710621626933
2025-03-27,0.007682688383505729
2025-03-28,-0.06668045929863477
2025-03-29,-0.038077864757621184
2025-03-30,0.0004412389323730108
2025-03-31,0.00041308317657346035
2025-04-01,0.015819236236058718
2025-04-02,-0.07305449043920177
2025-04-03,-0.005929472574192365
2025-04-04,0.04775112226060551
2025-04-05,-0.020802464422946677
2025-04-06,-0.1289291686485558
2025-04-07,0.011201269956725945
2025-04-08,-0.013093302449880669
2025-04-09,0.12078040509567606
2025-04-10,-0.05395578247868903
2025-04-11,0.07452959168152447
2025-04-12,0.08459318702713557
2025-04-13,-0.028216445495009228
2025-04-14,0.005658089605657872
2025-04-15,-0.02384748922397609
2025-04-16,0.04025614207455389
2025-04-17,0.024416565464481656
2025-04-18,-0.004652602894141754
2025-04-19,0.04146879930768932
2025-04-20,-0.014237972265273638
2025-04-21,-0.007798127780903304
2025-04-22,0.08437498314428947
2025-04-23,0.016094899663665497
2025-04-24,0.007585373652635301
2025-04-25,-0.009159303619366765
2025-04-26,-0.010830333458508685
2025-04-27,-0.007014548878264996
2025-04-28,-0.002944702909870634
2025-04-29,-0.009394271881992221
2025-04-30,0.008265613729616976
2025-05-01,0.021464770114628804
2025-05-02,-0.018713066420581823
2025-05-03,-0.008506065817299907
2025-05-04,-0.01934854268086383
2025-05-05,0.01867110827219409
2025-05-06,0.0004754478829842788
2025-05-07,0.0030433501570021845
2025-05-08,0.10774170371956233
2025-05-09,0.052671203613598575
2025-05-10,0.02735814575309499
2025-05-11,-0.026212108698382773
2025-05-12,0.0070344416514928065
2025-05-13,0.05449079242578062
2025-05-14,-0.04046415256109303
2025-05-15,-0.044547752726514296
2025-05-16,-0.009966312943414237
2025-05-17,-0.008420513061107538
2025-05-18,0.04690198941506347
2025-05-19,-0.041292544192222176
2025-05-20,0.009658468556824458
2025-05-21,0.030385558857662334
2025-05-22,0.034013923484377435
2025-05-23,-0.03318693609401505
2025-05-24,0.01267341249258049
2025-05-25,-0.0018018991545065634
2025-05-26,-0.004663461696255022
2025-05-27,0.010845499683182496
2025-05-28,-0.026509075005446126
2025-05-29,-0.03307118055161358
2025-05-30,-0.06416534983322934
2025-05-31,0.00258402109350385
2025-06-01,0.007287015550116122
2025-06-02,-0.00499700673724026
2025-06-03,-0.010596791423984795
2025-06-04,-0.012850856421142353
2025-06-05,-0.05920909493914607
2025-06-06,0.023048434170516552
2025-06-07,0.01490349952825297
2025-06-08,0.015177473900968448
2025-06-09,0.055248729699346986
2025-06-10,0.024161316119318814
2025-06-11,-0.024364896366603217
2025-06-12,-0.05268898803046931
2025-06-13,-0.02761334705534149
2025-06-14,-0.02634585066798255
2025-06-15,0.05412097070274292
2025-06-16,-0.012805554861334407
2025-06-17,-0.02089819275901918
2025-06-18,-0.009497989596243945
2025-06-19,0.004896349706371751
2025-06-20,-0.04807273034140366
2025-06-21,-0.03637920359780142
2025-06-22,-0.026580486950195898
2025-06-23,0.09578986457143332
2025-06-24,0.0076190091525559665
2025-06-25,-0.01692436425593652
2025-06-26,-0.03146627287135812
2025-06-27,0.022270128260893387
2025-06-28,0.058962582455309706
2025-06-29,0.01660582949623338
2025-06-30,0.008972922771877594
2025-07-01,-0.0517825669490517
2025-07-02,0.03544358487530788
2025-07-03,0.001143447183065746
2025-07-04,-0.030906438324344303
2025-07-05,-0.0008272870100686345
2025-07-06,0.02825755828800281
2025-07-07,-0.019955057050105345
2025-07-08,0.019543142639206132
2025-07-09,0.03540491704907644
2025-07-10,0.042211873652576885
2025-07-11,-0.007214660209246955
2025-07-12,-0.013589504744277059
2025-07-13,0.0031637427444503935
2025-07-14,0.006685095079748512
2025-07-15,0.010270383904116005
2025-07-16,0.05781431296036391
2025-07-17,0.011928926055953163
2025-07-18,0.008998025727581007
2025-07-19,-0.0017595830755067962
2025-07-20,0.024963396803806496
2025-07-21,0.07657612471368448
2025-07-22,0.048336065407048434
2025-07-23,-0.0818058664491278
2025-07-24,-0.037284409887541115
2025-07-25,0.022598473966407427
2025-07-26,-0.010039450019172197
2025-07-27,0.02044571417080791
2025-07-28,-0.033358013865095404
2025-07-29,-0.006630030900242552
2025-07-30,-0.02028481223931719
2025-07-31,-0.03010448535470071
2025-08-01,-0.05696270164055305
2025-08-02,-0.02734843092955322
2025-08-03,0.02167090259695361
2025-08-04,0.04509608012246618
2025-08-05,-0.031960145188135725
2025-08-06,0.024555200490710347
2025-08-07,0.04254653017754426
2025-08-08,0.007255487895327184
2025-08-09,0.019157856976145162
2025-08-10,0.01498668825081922
2025-08-11,-0.044296853300548264
2025-08-12,0.09209021286210611
2025-08-13,0.049488632979961596
2025-08-14,-0.04569547106858975
2025-08-15,-0.03618794962888321
2025-08-16,0.02144238253130898
2025-08-17,0.007339021509756387
2025-08-18,-0.04326813307742818
2025-08-19,-0.03874617017855634
2025-08-20,0.06311731289125574
2025-08-21,-0.03972436470228316
2025-08-22,0.10703470514293173
2025-08-23,0.01626046689329378
2025-08-24,0.009349434015582404
2025-08-25,-0.09456276123129718
2025-08-26,0.04503380285893578
2025-08-27,0.035198112923068105
2025-08-28,0.05504131132366502
2025-08-29,-0.04378715280947772
2025-08-30,-0.011565814454946005
2025-08-31,-0.009890990662168888
2025-09-01,-0.018872261642598417
2025-09-02,0.06088209236056389
2025-09-03,0.006019469372672409
2025-09-04,-0.03961804451312596
2025-09-05,0.004621700798226559
2025-09-06,-0.016110585958953635
2025-09-07,0.030598189090453965
2025-09-08,0.03670033556172094
2025-09-09,0.014205254454177687
2025-09-10,0.030535678754901926
2025-09-11,0.02106911581373097
2025-09-12,0.05753346054382731
2025-09-13,0.0012069223643333957
2025-09-14,-0.008437151755113928
2025-09-15,-0.02611197063079504
2025-09-16,0.011168186663760623
2025-09-17,0.03266004769856466
2025-09-18,0.011288277930008039
2025-09-19,-0.037374225707278524
2025-09-20,0.004349228336764589
2025-09-21,-0.012672290350863665
2025-09-22,-0.07038563349937915
2025-09-23,-0.031227455324454322
2025-09-24,-0.009218237781043324
2025-09-25,-0.09595930396206187
2025-09-26,0.06525170530586034
2025-09-27,-0.00865288268524796
2025-09-28,0.03453905961665031
2025-09-29,0.010928409432109543
2025-09-30,-0.020438468637083484
2025-10-01,0.06011188564179385
2025-10-02,0.057759993105996346
2025-10-03,-0.007929374147057161
2025-10-04,-0.021687218490500537
2025-10-05,0.0026193014392797065
2025-10-06,0.01698021448810239
2025-10-07,-0.05313991171712861
2025-10-08,0.03834459051491617
2025-10-09,-0.036041567950477416
2025-10-10,-0.1581553747539206
2025-10-11,-0.05787911250720392
2025-10-12,0.10369402628706036
2025-10-13,0.05352051164819048
2025-10-14,-0.028758333054337944
2025-10-15,-0.04257316418939021
2025-10-16,-0.049297806832104524
2025-10-17,-0.014475233520215802
2025-10-18,0.030435556410584964
2025-10-19,0.0007346161433989698
2025-10-20,0.010342959127596687
2025-10-21,-0.02176011270729056
2025-10-22,-0.030171372069581214
2025-10-23,0.06052474900319932
2025-10-24,0.011284493011214078
2025-10-25,0.0024775429352692454
2025-10-26,0.0303942290267699
2025-10-27,-0.006454419241757577
2025-10-28,-0.021868058854885155
2025-10-29,-0.0001641820184886091
2025-10-30,-0.051650223376798185
2025-10-31,0.013904564315151262
2025-11-01,-0.004440292411749706
2025-11-02,0.007727989143386268
2025-11-03,-0.12298184722327725
2025-11-04,-0.0665110938672955
2025-11-05,0.04506158697623662
2025-11-06,-0.04723420345647866
2025-11-07,0.041943022232493035
2025-11-08,-0.022549715090098114
2025-11-09,0.03938632517659235
2025-11-10,0.0175590961761699
2025-11-11,-0.07955277567139558
2025-11-12,-0.008487125746908528
2025-11-13,-0.05466756649890598
2025-11-14,-0.04533692303383603
2025-11-15,0.006172272444592417
2025-11-16,-0.016398218341452907
2025-11-17,-0.047880313728817514
2025-11-18,0.07269382307705385
2025-11-19,-0.028453803950652615
2025-11-20,-0.024048460185311926
2025-11-21,-0.038297117673027896
2025-11-22,-0.007414963487198996
2025-11-23,0.02442549701261787
2025-11-24,0.05699767939638687
2025-11-25,0.0037494523397108154
2025-11-26,0.029239395570256118
2025-11-27,-0.015259913155618447
2025-11-28,-0.024844934334867258
2025-11-29,-0.009569516096095108
2025-11-30,-0.018668622039861235
2025-12-01,-0.05269360165935093
2025-12-02,0.09023406972267259
2025-12-03,0.043906121034690944
2025-12-04,-0.04145505330087628
2025-12-05,-0.04180369311882749
2025-12-06,-0.007336525768476027
2025-12-07,-0.0019277034883236313
2025-12-08,0.008928377160719592
2025-12-09,0.034101580788184996
2025-12-10,-0.01044280619681699
2025-12-11,-0.000714394391495083
2025-12-12,-0.03012757867352765
2025-12-13,0.0069523635438799875
2025-12-14,-0.028673172800584876
2025-12-15,-0.013403933452506534
2025-12-16,0.011626892235198845
2025-12-17,-0.048599939093749836
2025-12-18,-0.02925465317868071
2025-12-19,0.0539072447022532
2025-12-20,-0.003045320223696398
2025-12-21,0.001449279132117765
2025-12-22,-0.0015113184922441807
2025-12-23,-0.015573715314415027
2025-12-24,-0.011356379855129899
2025-12-25,-0.02072205286408066
2025-12-26,0.018574946798318184
2025-12-27,0.0198655287246479
2025-12-28,0.004415855419730445
2025-12-29,-0.016705357107398858
2025-12-30,0.014562189411285079
2025-12-31,-0.003583206371580367
2026-01-01,0.018123457797629732
2026-01-02,0.041509639684179915
2026-01-03,0.008776764102490345
2026-01-04,0.004499555181062483
2026-01-05,0.03009067922650985
2026-01-06,0.022276617877334575
2026-01-07,-0.03450380540812074
2026-01-08,0.014423856967931322
2026-01-09,-0.01851565208785395
2026-01-10,-0.0002165025948898324
2026-01-11,0.027350682996554486
2026-01-12,-0.0025430357328284844
2026-01-13,0.04376621222285377
2026-01-14,0.009530178831436089
2026-01-15,-0.030584119560554283
2026-01-16,0.017605557374631865
2026-01-17,-0.007864563040506785
2026-01-18,-0.040685951989271066
2026-01-19,-0.03432801062261492
2026-01-20,-0.0589488302854693
2026-01-21,0.02880298175724075
2026-01-22,-0.008466225783412003
2026-01-23,-0.0072503013555712805
2026-01-24,-0.002419368504914078
2026-01-25,-0.06739784847406453
2026-01-26,0.04419483353335581
2026-01-27,0.02321070110287452
2026-01-28,-0.015357585229607866
2026-01-29,-0.06192279201478849
2026-01-30,-0.0020660553470919383
2026-01-31,-0.10711428903796127
2026-02-01,-0.04451825389443255
2026-02-02,0.035271518792260946
2026-02-03,-0.06840340093867356
2026-02-04,-0.05840053349586421
2026-02-05,-0.16299833859473517
2026-02-06,0.11212742700114356
2026-02-07,0.0019994506334146778
2026-02-08,-0.006820642235104591
2026-02-09,-0.003940510447399148
2026-02-10,-0.044652645215926226
2026-02-11,-0.045160760991187474
2026-02-12,-0.01149494915957448
2026-02-13,0.07348312650502062
2026-02-14,0.044513608838348345
2026-02-15,-0.024756264410062446
2026-02-16,0.004914250420563337
2026-02-17,-0.01434743637411055
2026-02-18,-0.04354923931398421
2026-02-19,0.010079379976839973
2026-02-20,0.026845669795534283
2026-02-21,0.006782947943867998
2026-02-22,-0.02881304005563153
2026-02-23,-0.06277785227068301
2026-02-24,0.01636881274602229
2026-02-25,0.10646725645418885
2026-02-26,-0.023087327145115133
2026-02-28,-0.047930896655384234
