snapped_at,price
2020-04-10 00:00:00+00:00,0.95105398
2020-04-11 00:00:00+00:00,0.77681899
2020-04-12 00:00:00+00:00,0.88250703
2020-04-13 00:00:00+00:00,0.77783197
2020-04-14 00:00:00+00:00,0.66192502
2020-04-15 00:00:00+00:00,0.64665103
2020-04-16 00:00:00+00:00,0.69081599
2020-04-17 00:00:00+00:00,0.66072798
2020-04-18 00:00:00+00:00,0.68109602
2020-04-19 00:00:00+00:00,0.606969
2020-04-20 00:00:00+00:00,0.53881198
2020-04-21 00:00:00+00:00,0.587659
2020-04-22 00:00:00+00:00,0.69160098
2020-04-23 00:00:00+00:00,0.62745702
2020-04-24 00:00:00+00:00,0.634242
2020-04-25 00:00:00+00:00,0.64332902
2020-04-26 00:00:00+00:00,0.63550597
2020-04-27 00:00:00+00:00,0.57237202
2020-04-28 00:00:00+00:00,0.66129303
2020-04-29 00:00:00+00:00,0.74584001
2020-04-30 00:00:00+00:00,0.69104499
2020-05-01 00:00:00+00:00,0.72879398
2020-05-02 00:00:00+00:00,0.71587598
2020-05-03 00:00:00+00:00,0.67953497
2020-05-04 00:00:00+00:00,0.66749102
2020-05-05 00:00:00+00:00,0.641837
2020-05-06 00:00:00+00:00,0.62258399
2020-05-07 00:00:00+00:00,0.61297798
2020-05-08 00:00:00+00:00,0.604922
2020-05-09 00:00:00+00:00,0.604527
2020-05-10 00:00:00+00:00,0.53703398
2020-05-11 00:00:00+00:00,0.51527297
2020-05-12 00:00:00+00:00,0.53857601
2020-05-13 00:00:00+00:00,0.55053198
2020-05-14 00:00:00+00:00,0.56911802
2020-05-15 00:00:00+00:00,0.55975199
2020-05-16 00:00:00+00:00,0.59912002
2020-05-17 00:00:00+00:00,0.61298901
2020-05-18 00:00:00+00:00,0.65267003
2020-05-19 00:00:00+00:00,0.62445402
2020-05-20 00:00:00+00:00,0.57915598
2020-05-21 00:00:00+00:00,0.60891497
2020-05-22 00:00:00+00:00,0.63887501
2020-05-23 00:00:00+00:00,0.61303103
2020-05-24 00:00:00+00:00,0.54905301
2020-05-25 00:00:00+00:00,0.60085702
2020-05-26 00:00:00+00:00,0.57330698
2020-05-27 00:00:00+00:00,0.590985
2020-05-28 00:00:00+00:00,0.57515502
2020-05-29 00:00:00+00:00,0.57941502
2020-05-30 00:00:00+00:00,0.587933
2020-05-31 00:00:00+00:00,0.57002199
2020-06-01 00:00:00+00:00,0.57749498
2020-06-02 00:00:00+00:00,0.56466901
2020-06-03 00:00:00+00:00,0.58662099
2020-06-04 00:00:00+00:00,0.58729899
2020-06-05 00:00:00+00:00,0.66115499
2020-06-06 00:00:00+00:00,0.62244302
2020-06-07 00:00:00+00:00,0.61657798
2020-06-08 00:00:00+00:00,0.66831303
2020-06-09 00:00:00+00:00,0.65800202
2020-06-10 00:00:00+00:00,0.644867
2020-06-11 00:00:00+00:00,0.57374197
2020-06-12 00:00:00+00:00,0.59386897
2020-06-13 00:00:00+00:00,0.60894299
2020-06-14 00:00:00+00:00,0.58707702
2020-06-15 00:00:00+00:00,0.57063901
2020-06-16 00:00:00+00:00,0.585576
2020-06-17 00:00:00+00:00,0.58156198
2020-06-18 00:00:00+00:00,0.620956
2020-06-19 00:00:00+00:00,0.68433201
2020-06-20 00:00:00+00:00,0.64359099
2020-06-21 00:00:00+00:00,0.67314899
2020-06-22 00:00:00+00:00,0.72684801
2020-06-23 00:00:00+00:00,0.70829701
2020-06-24 00:00:00+00:00,0.73699403
2020-06-25 00:00:00+00:00,0.71319401
2020-06-26 00:00:00+00:00,0.741144
2020-06-27 00:00:00+00:00,0.713548
2020-06-28 00:00:00+00:00,0.79849499
2020-06-29 00:00:00+00:00,0.85245401
2020-06-30 00:00:00+00:00,0.86009401
2020-07-01 00:00:00+00:00,0.83264202
2020-07-02 00:00:00+00:00,0.78021902
2020-07-03 00:00:00+00:00,0.76809299
2020-07-04 00:00:00+00:00,0.78037202
2020-07-05 00:00:00+00:00,0.69166398
2020-07-06 00:00:00+00:00,0.70790797
2020-07-07 00:00:00+00:00,0.753048
2020-07-08 00:00:00+00:00,0.79671299
2020-07-09 00:00:00+00:00,0.85345298
2020-07-10 00:00:00+00:00,0.91355997
2020-07-11 00:00:00+00:00,0.92462403
2020-07-12 00:00:00+00:00,1.016716
2020-07-13 00:00:00+00:00,1.17573404
2020-07-14 00:00:00+00:00,1.14807498
2020-07-15 00:00:00+00:00,1.28959799
2020-07-16 00:00:00+00:00,0.87244099
2020-07-17 00:00:00+00:00,0.97783703
2020-07-18 00:00:00+00:00,0.96658301
2020-07-19 00:00:00+00:00,0.920349
2020-07-20 00:00:00+00:00,0.87308902
2020-07-21 00:00:00+00:00,0.977166
2020-07-22 00:00:00+00:00,1.04408705
2020-07-23 00:00:00+00:00,1.04984403
2020-07-24 00:00:00+00:00,0.99534601
2020-07-25 00:00:00+00:00,1.25222301
2020-07-26 00:00:00+00:00,1.56510997
2020-07-27 00:00:00+00:00,1.77863598
2020-07-28 00:00:00+00:00,1.78406703
2020-07-29 00:00:00+00:00,1.65828896
2020-07-30 00:00:00+00:00,1.68680704
2020-07-31 00:00:00+00:00,1.53817797
2020-08-01 00:00:00+00:00,1.52661002
2020-08-02 00:00:00+00:00,1.74281001
2020-08-03 00:00:00+00:00,1.80261099
2020-08-04 00:00:00+00:00,1.87163901
2020-08-05 00:00:00+00:00,1.75454998
2020-08-06 00:00:00+00:00,2.20634794
2020-08-07 00:00:00+00:00,2.08590293
2020-08-08 00:00:00+00:00,2.47362494
2020-08-09 00:00:00+00:00,2.66522789
2020-08-10 00:00:00+00:00,3.13179302
2020-08-11 00:00:00+00:00,3.30341911
2020-08-12 00:00:00+00:00,3.76975107
2020-08-13 00:00:00+00:00,3.75597095
2020-08-14 00:00:00+00:00,3.40938807
2020-08-15 00:00:00+00:00,3.18379498
2020-08-16 00:00:00+00:00,3.38565302
2020-08-17 00:00:00+00:00,3.09860802
2020-08-18 00:00:00+00:00,3.32997608
2020-08-19 00:00:00+00:00,2.89904094
2020-08-20 00:00:00+00:00,3.20826697
2020-08-21 00:00:00+00:00,2.94366789
2020-08-22 00:00:00+00:00,3.02088594
2020-08-23 00:00:00+00:00,3.32243109
2020-08-24 00:00:00+00:00,3.34498596
2020-08-25 00:00:00+00:00,3.2648499
2020-08-26 00:00:00+00:00,3.55837488
2020-08-27 00:00:00+00:00,3.44506001
2020-08-28 00:00:00+00:00,4.01139307
2020-08-29 00:00:00+00:00,3.96880889
2020-08-30 00:00:00+00:00,4.43582296
2020-08-31 00:00:00+00:00,4.78204584
2020-09-01 00:00:00+00:00,4.3445158
2020-09-02 00:00:00+00:00,4.1644721
2020-09-03 00:00:00+00:00,3.52733994
2020-09-04 00:00:00+00:00,3.54579401
2020-09-05 00:00:00+00:00,2.59791589
2020-09-06 00:00:00+00:00,3.08604288
2020-09-07 00:00:00+00:00,2.92852807
2020-09-08 00:00:00+00:00,2.46897697
2020-09-09 00:00:00+00:00,3.63637805
2020-09-10 00:00:00+00:00,3.46983695
2020-09-11 00:00:00+00:00,3.42742801
2020-09-12 00:00:00+00:00,3.33265996
2020-09-13 00:00:00+00:00,3.2258389
2020-09-14 00:00:00+00:00,3.26913309
2020-09-15 00:00:00+00:00,2.93912101
2020-09-16 00:00:00+00:00,2.54539895
2020-09-17 00:00:00+00:00,2.89187407
2020-09-18 00:00:00+00:00,3.10793996
2020-09-19 00:00:00+00:00,3.02889109
2020-09-20 00:00:00+00:00,2.87090302
2020-09-21 00:00:00+00:00,2.78250909
2020-09-22 00:00:00+00:00,2.915519
2020-09-23 00:00:00+00:00,2.83675694
2020-09-24 00:00:00+00:00,3.13271499
2020-09-25 00:00:00+00:00,3.18861198
2020-09-26 00:00:00+00:00,3.13470292
2020-09-27 00:00:00+00:00,3.15294695
2020-09-28 00:00:00+00:00,2.95667791
2020-09-29 00:00:00+00:00,2.94643307
2020-09-30 00:00:00+00:00,2.89787602
2020-10-01 00:00:00+00:00,2.86102796
2020-10-02 00:00:00+00:00,2.6260829
2020-10-03 00:00:00+00:00,2.54730296
2020-10-04 00:00:00+00:00,2.51599503
2020-10-05 00:00:00+00:00,2.65764403
2020-10-06 00:00:00+00:00,2.17624998
2020-10-07 00:00:00+00:00,2.29179597
2020-10-08 00:00:00+00:00,2.36522007
2020-10-09 00:00:00+00:00,2.53985906
2020-10-10 00:00:00+00:00,2.40609002
2020-10-11 00:00:00+00:00,2.42657804
2020-10-12 00:00:00+00:00,2.5870719
2020-10-13 00:00:00+00:00,2.40491009
2020-10-14 00:00:00+00:00,2.31463504
2020-10-15 00:00:00+00:00,2.2664361
2020-10-16 00:00:00+00:00,2.14938593
2020-10-17 00:00:00+00:00,2.20184302
2020-10-18 00:00:00+00:00,2.21426702
2020-10-19 00:00:00+00:00,2.05807996
2020-10-20 00:00:00+00:00,1.88867199
2020-10-21 00:00:00+00:00,1.890378
2020-10-22 00:00:00+00:00,1.95565295
2020-10-23 00:00:00+00:00,1.96003497
2020-10-24 00:00:00+00:00,1.91182804
2020-10-25 00:00:00+00:00,1.78745902
2020-10-26 00:00:00+00:00,1.68546605
2020-10-27 00:00:00+00:00,1.71023202
2020-10-28 00:00:00+00:00,1.49005306
2020-10-29 00:00:00+00:00,1.428936
2020-10-30 00:00:00+00:00,1.44133604
2020-10-31 00:00:00+00:00,1.54069996
2020-11-01 00:00:00+00:00,1.59984004
2020-11-02 00:00:00+00:00,1.47407198
2020-11-03 00:00:00+00:00,1.41223395
2020-11-04 00:00:00+00:00,1.39225495
2020-11-05 00:00:00+00:00,1.40521801
2020-11-06 00:00:00+00:00,1.91374004
2020-11-07 00:00:00+00:00,2.03196406
2020-11-08 00:00:00+00:00,2.15659809
2020-11-09 00:00:00+00:00,2.02865195
2020-11-10 00:00:00+00:00,2.24798703
2020-11-11 00:00:00+00:00,2.00212502
2020-11-12 00:00:00+00:00,1.89913797
2020-11-13 00:00:00+00:00,2.02079201
2020-11-14 00:00:00+00:00,1.91701603
2020-11-15 00:00:00+00:00,2.04323411
2020-11-16 00:00:00+00:00,2.25535488
2020-11-17 00:00:00+00:00,2.2021811
2020-11-18 00:00:00+00:00,2.1150291
2020-11-19 00:00:00+00:00,2.07676911
2020-11-20 00:00:00+00:00,2.09539199
2020-11-21 00:00:00+00:00,2.38220501
2020-11-22 00:00:00+00:00,2.14484501
2020-11-23 00:00:00+00:00,2.27637696
2020-11-24 00:00:00+00:00,2.26796699
2020-11-25 00:00:00+00:00,2.27003407
2020-11-26 00:00:00+00:00,1.90303695
2020-11-27 00:00:00+00:00,1.85794902
2020-11-28 00:00:00+00:00,1.88893497
2020-11-29 00:00:00+00:00,1.91515505
2020-11-30 00:00:00+00:00,1.96689105
2020-12-01 00:00:00+00:00,1.97630799
2020-12-02 00:00:00+00:00,2.11540103
2020-12-03 00:00:00+00:00,2.10037088
2020-12-04 00:00:00+00:00,1.85595298
2020-12-05 00:00:00+00:00,1.97877395
2020-12-06 00:00:00+00:00,1.854249
2020-12-07 00:00:00+00:00,1.83117294
2020-12-08 00:00:00+00:00,1.66535199
2020-12-09 00:00:00+00:00,1.66230404
2020-12-10 00:00:00+00:00,1.57415104
2020-12-11 00:00:00+00:00,1.44458497
2020-12-12 00:00:00+00:00,1.49091196
2020-12-13 00:00:00+00:00,1.56545603
2020-12-14 00:00:00+00:00,1.59164596
2020-12-15 00:00:00+00:00,1.76067102
2020-12-16 00:00:00+00:00,1.78359795
2020-12-17 00:00:00+00:00,1.67863405
2020-12-18 00:00:00+00:00,1.69879997
2020-12-19 00:00:00+00:00,1.66865098
2020-12-20 00:00:00+00:00,1.56357598
2020-12-21 00:00:00+00:00,1.54191506
2020-12-22 00:00:00+00:00,1.49028599
2020-12-23 00:00:00+00:00,1.20569205
2020-12-24 00:00:00+00:00,1.36240804
2020-12-25 00:00:00+00:00,1.44540298
2020-12-26 00:00:00+00:00,1.32423794
2020-12-27 00:00:00+00:00,1.30304205
2020-12-28 00:00:00+00:00,1.51568496
2020-12-29 00:00:00+00:00,1.67434502
2020-12-30 00:00:00+00:00,1.53545702
2020-12-31 00:00:00+00:00,1.51089799
2021-01-01 00:00:00+00:00,1.84208405
2021-01-02 00:00:00+00:00,1.79927504
2021-01-03 00:00:00+00:00,2.16175199
2021-01-04 00:00:00+00:00,2.48509693
2021-01-05 00:00:00+00:00,2.15721703
2021-01-06 00:00:00+00:00,1.92921698
2021-01-07 00:00:00+00:00,2.37274504
2021-01-08 00:00:00+00:00,3.21988702
2021-01-09 00:00:00+00:00,3.38538194
2021-01-10 00:00:00+00:00,3.46611094
2021-01-11 00:00:00+00:00,3.10808992
2021-01-12 00:00:00+00:00,3.61339808
2021-01-13 00:00:00+00:00,3.51378202
2021-01-14 00:00:00+00:00,3.27816391
2021-01-15 00:00:00+00:00,3.25016093
2021-01-16 00:00:00+00:00,3.4470551
2021-01-17 00:00:00+00:00,3.81813908
2021-01-18 00:00:00+00:00,3.79551506
2021-01-19 00:00:00+00:00,3.64186597
2021-01-20 00:00:00+00:00,3.72357798
2021-01-21 00:00:00+00:00,2.99053597
2021-01-22 00:00:00+00:00,3.34622908
2021-01-23 00:00:00+00:00,3.50411201
2021-01-24 00:00:00+00:00,3.6344111
2021-01-25 00:00:00+00:00,3.69998097
2021-01-26 00:00:00+00:00,4.04734993
2021-01-27 00:00:00+00:00,3.69058704
2021-01-28 00:00:00+00:00,3.82207203
2021-01-29 00:00:00+00:00,3.83467603
2021-01-30 00:00:00+00:00,4.22427607
2021-01-31 00:00:00+00:00,4.26414394
2021-02-01 00:00:00+00:00,4.61160183
2021-02-02 00:00:00+00:00,5.26750803
2021-02-03 00:00:00+00:00,5.71599007
2021-02-04 00:00:00+00:00,6.42606497
2021-02-05 00:00:00+00:00,6.68171978
2021-02-06 00:00:00+00:00,6.11080694
2021-02-07 00:00:00+00:00,6.70046282
2021-02-08 00:00:00+00:00,7.88325024
2021-02-09 00:00:00+00:00,7.81679296
2021-02-10 00:00:00+00:00,9.07221413
2021-02-11 00:00:00+00:00,9.21535206
2021-02-12 00:00:00+00:00,9.24701214
2021-02-13 00:00:00+00:00,8.73245525
2021-02-14 00:00:00+00:00,8.73889637
2021-02-15 00:00:00+00:00,8.86173916
2021-02-16 00:00:00+00:00,8.29786682
2021-02-17 00:00:00+00:00,8.2225771
2021-02-18 00:00:00+00:00,8.98045158
2021-02-19 00:00:00+00:00,11.46565342
2021-02-20 00:00:00+00:00,10.00266361
2021-02-21 00:00:00+00:00,11.08551311
2021-02-22 00:00:00+00:00,14.45478535
2021-02-23 00:00:00+00:00,15.20153809
2021-02-24 00:00:00+00:00,17.30270767
2021-02-25 00:00:00+00:00,13.81601429
2021-02-26 00:00:00+00:00,13.58794117
2021-02-27 00:00:00+00:00,13.20116806
2021-02-28 00:00:00+00:00,13.08924675
2021-03-01 00:00:00+00:00,14.95558834
2021-03-02 00:00:00+00:00,13.95892143
2021-03-03 00:00:00+00:00,14.11559105
2021-03-04 00:00:00+00:00,13.09798336
2021-03-05 00:00:00+00:00,12.61044312
2021-03-06 00:00:00+00:00,13.03645802
2021-03-07 00:00:00+00:00,13.87773228
2021-03-08 00:00:00+00:00,13.60218811
2021-03-09 00:00:00+00:00,14.84631062
2021-03-10 00:00:00+00:00,14.23108387
2021-03-11 00:00:00+00:00,15.99227905
2021-03-12 00:00:00+00:00,14.55214214
2021-03-13 00:00:00+00:00,15.3088026
2021-03-14 00:00:00+00:00,14.50826645
2021-03-15 00:00:00+00:00,14.18666172
2021-03-16 00:00:00+00:00,13.62277317
2021-03-17 00:00:00+00:00,14.2202034
2021-03-18 00:00:00+00:00,14.23002529
2021-03-19 00:00:00+00:00,14.20479584
2021-03-20 00:00:00+00:00,14.21198082
2021-03-21 00:00:00+00:00,14.33220577
2021-03-22 00:00:00+00:00,14.9192934
2021-03-23 00:00:00+00:00,14.20483112
2021-03-24 00:00:00+00:00,13.6612978
2021-03-25 00:00:00+00:00,13.02508545
2021-03-26 00:00:00+00:00,14.77942085
2021-03-27 00:00:00+00:00,16.50832176
2021-03-28 00:00:00+00:00,18.01623344
2021-03-29 00:00:00+00:00,18.85480881
2021-03-30 00:00:00+00:00,19.23392487
2021-03-31 00:00:00+00:00,19.46522903
2021-04-01 00:00:00+00:00,19.08490181
2021-04-02 00:00:00+00:00,19.81022263
2021-04-03 00:00:00+00:00,22.55227661
2021-04-04 00:00:00+00:00,24.06132317
2021-04-05 00:00:00+00:00,22.98428345
2021-04-06 00:00:00+00:00,24.95714569
2021-04-07 00:00:00+00:00,26.47808075
2021-04-08 00:00:00+00:00,27.03398705
2021-04-09 00:00:00+00:00,27.77827454
2021-04-10 00:00:00+00:00,26.84140396
2021-04-11 00:00:00+00:00,27.93189049
2021-04-12 00:00:00+00:00,28.51212311
2021-04-13 00:00:00+00:00,27.4355526
2021-04-14 00:00:00+00:00,26.47511101
2021-04-15 00:00:00+00:00,27.8183136
2021-04-16 00:00:00+00:00,25.39736557
2021-04-17 00:00:00+00:00,25.0998745
2021-04-18 00:00:00+00:00,32.30291748
2021-04-19 00:00:00+00:00,31.67589569
2021-04-20 00:00:00+00:00,31.77005386
2021-04-21 00:00:00+00:00,32.51304245
2021-04-22 00:00:00+00:00,38.87976074
2021-04-23 00:00:00+00:00,36.97842026
2021-04-24 00:00:00+00:00,40.73731613
2021-04-25 00:00:00+00:00,47.36762619
2021-04-26 00:00:00+00:00,43.97651672
2021-04-27 00:00:00+00:00,43.23900223
2021-04-28 00:00:00+00:00,44.82598495
2021-04-29 00:00:00+00:00,42.46054077
2021-04-30 00:00:00+00:00,42.95600128
2021-05-01 00:00:00+00:00,49.50802231
2021-05-02 00:00:00+00:00,46.8909874
2021-05-03 00:00:00+00:00,45.93368912
2021-05-04 00:00:00+00:00,42.72955704
2021-05-05 00:00:00+00:00,44.92357635
2021-05-06 00:00:00+00:00,43.45567703
2021-05-07 00:00:00+00:00,43.15501785
2021-05-08 00:00:00+00:00,45.56153107
2021-05-09 00:00:00+00:00,44.33019638
2021-05-10 00:00:00+00:00,42.90963364
2021-05-11 00:00:00+00:00,44.57746887
2021-05-12 00:00:00+00:00,42.45730972
2021-05-13 00:00:00+00:00,40.99785233
2021-05-14 00:00:00+00:00,42.71786499
2021-05-15 00:00:00+00:00,43.46130753
2021-05-16 00:00:00+00:00,47.20082855
2021-05-17 00:00:00+00:00,46.86320496
2021-05-18 00:00:00+00:00,55.91096115
2021-05-19 00:00:00+00:00,35.10718155
2021-05-20 00:00:00+00:00,44.74274826
2021-05-21 00:00:00+00:00,38.81285095
2021-05-22 00:00:00+00:00,31.31558228
2021-05-23 00:00:00+00:00,24.68874741
2021-05-24 00:00:00+00:00,31.28357124
2021-05-25 00:00:00+00:00,29.99707794
2021-05-26 00:00:00+00:00,35.53981781
2021-05-27 00:00:00+00:00,33.58459091
2021-05-28 00:00:00+00:00,29.03927612
2021-05-29 00:00:00+00:00,27.37642097
2021-05-30 00:00:00+00:00,28.60265923
2021-05-31 00:00:00+00:00,32.81624603
2021-06-01 00:00:00+00:00,30.98526001
2021-06-02 00:00:00+00:00,33.9563179
2021-06-03 00:00:00+00:00,39.4709053
2021-06-04 00:00:00+00:00,37.41506958
2021-06-05 00:00:00+00:00,39.58539963
2021-06-06 00:00:00+00:00,42.30837631
2021-06-07 00:00:00+00:00,38.26233292
2021-06-08 00:00:00+00:00,41.51781464
2021-06-09 00:00:00+00:00,42.03177643
2021-06-10 00:00:00+00:00,41.09867477
2021-06-11 00:00:00+00:00,36.04608536
2021-06-12 00:00:00+00:00,36.44168854
2021-06-13 00:00:00+00:00,38.77043533
2021-06-14 00:00:00+00:00,38.71305466
2021-06-15 00:00:00+00:00,41.15364838
2021-06-16 00:00:00+00:00,39.7036171
2021-06-17 00:00:00+00:00,39.26459122
2021-06-18 00:00:00+00:00,36.64879608
2021-06-19 00:00:00+00:00,35.35343552
2021-06-20 00:00:00+00:00,35.32201385
2021-06-21 00:00:00+00:00,26.65740013
2021-06-22 00:00:00+00:00,26.77185631
2021-06-23 00:00:00+00:00,30.04888725
2021-06-24 00:00:00+00:00,31.18103409
2021-06-25 00:00:00+00:00,28.69886208
2021-06-26 00:00:00+00:00,29.71285439
2021-06-27 00:00:00+00:00,31.92939186
2021-06-28 00:00:00+00:00,32.92778015
2021-06-29 00:00:00+00:00,33.86680222
2021-06-30 00:00:00+00:00,35.55640411
2021-07-01 00:00:00+00:00,33.40403366
2021-07-02 00:00:00+00:00,34.02048111
2021-07-03 00:00:00+00:00,34.47881699
2021-07-04 00:00:00+00:00,34.31060028
2021-07-05 00:00:00+00:00,32.98458862
2021-07-06 00:00:00+00:00,34.26913834
2021-07-07 00:00:00+00:00,36.59136963
2021-07-08 00:00:00+00:00,33.20372772
2021-07-09 00:00:00+00:00,33.26464844
2021-07-10 00:00:00+00:00,31.78864479
2021-07-11 00:00:00+00:00,32.17784119
2021-07-12 00:00:00+00:00,30.84808731
2021-07-13 00:00:00+00:00,29.12118912
2021-07-14 00:00:00+00:00,31.28100014
2021-07-15 00:00:00+00:00,28.45210075
2021-07-16 00:00:00+00:00,26.37000847
2021-07-17 00:00:00+00:00,26.72166824
2021-07-18 00:00:00+00:00,26.75190926
2021-07-19 00:00:00+00:00,24.44757652
2021-07-20 00:00:00+00:00,23.48955536
2021-07-21 00:00:00+00:00,26.6230793
2021-07-22 00:00:00+00:00,27.70208168
2021-07-23 00:00:00+00:00,28.51387978
2021-07-24 00:00:00+00:00,28.70261955
2021-07-25 00:00:00+00:00,28.16877365
2021-07-26 00:00:00+00:00,28.30664253
2021-07-27 00:00:00+00:00,28.06532669
2021-07-28 00:00:00+00:00,27.81541061
2021-07-29 00:00:00+00:00,31.28113747
2021-07-30 00:00:00+00:00,32.39394379
2021-07-31 00:00:00+00:00,36.82731247
2021-08-01 00:00:00+00:00,34.2543602
2021-08-02 00:00:00+00:00,33.22241974
2021-08-03 00:00:00+00:00,33.99644089
2021-08-04 00:00:00+00:00,35.7636261
2021-08-05 00:00:00+00:00,37.35513687
2021-08-06 00:00:00+00:00,39.44610214
2021-08-07 00:00:00+00:00,39.4034729
2021-08-08 00:00:00+00:00,37.67382431
2021-08-09 00:00:00+00:00,38.76778412
2021-08-10 00:00:00+00:00,40.63979721
2021-08-11 00:00:00+00:00,41.74411392
2021-08-12 00:00:00+00:00,41.09936142
2021-08-13 00:00:00+00:00,44.89450073
2021-08-14 00:00:00+00:00,44.11285019
2021-08-15 00:00:00+00:00,53.74515915
2021-08-16 00:00:00+00:00,62.4324646
2021-08-17 00:00:00+00:00,64.21070862
2021-08-18 00:00:00+00:00,72.54331207
2021-08-19 00:00:00+00:00,72.75760651
2021-08-20 00:00:00+00:00,78.724617
2021-08-21 00:00:00+00:00,73.75621033
2021-08-22 00:00:00+00:00,72.80391693
2021-08-23 00:00:00+00:00,75.70803833
2021-08-24 00:00:00+00:00,70.67090607
2021-08-25 00:00:00+00:00,71.9515686
2021-08-26 00:00:00+00:00,75.31620789
2021-08-27 00:00:00+00:00,88.08698273
2021-08-28 00:00:00+00:00,96.70317078
2021-08-29 00:00:00+00:00,94.46967316
2021-08-30 00:00:00+00:00,110.54480743
2021-08-31 00:00:00+00:00,108.48377228
2021-09-01 00:00:00+00:00,111.03300476
2021-09-02 00:00:00+00:00,128.10238647
2021-09-03 00:00:00+00:00,146.58305359
2021-09-04 00:00:00+00:00,139.11306763
2021-09-05 00:00:00+00:00,142.07087708
2021-09-06 00:00:00+00:00,164.38092041
2021-09-07 00:00:00+00:00,173.14892578
2021-09-08 00:00:00+00:00,191.04139709
2021-09-09 00:00:00+00:00,188.19580078
2021-09-10 00:00:00+00:00,179.86523438
2021-09-11 00:00:00+00:00,178.86787415
2021-09-12 00:00:00+00:00,174.53762817
2021-09-13 00:00:00+00:00,169.26954651
2021-09-14 00:00:00+00:00,158.09481812
2021-09-15 00:00:00+00:00,159.11738586
2021-09-16 00:00:00+00:00,152.47406006
2021-09-17 00:00:00+00:00,147.59306335
2021-09-18 00:00:00+00:00,169.18421936
2021-09-19 00:00:00+00:00,152.51669312
2021-09-20 00:00:00+00:00,132.13446045
2021-09-21 00:00:00+00:00,123.95039368
2021-09-22 00:00:00+00:00,147.92425537
2021-09-23 00:00:00+00:00,149.75357056
2021-09-24 00:00:00+00:00,139.39564514
2021-09-25 00:00:00+00:00,136.17892456
2021-09-26 00:00:00+00:00,135.69937134
2021-09-27 00:00:00+00:00,136.72842407
2021-09-28 00:00:00+00:00,131.53721619
2021-09-29 00:00:00+00:00,135.35145569
2021-09-30 00:00:00+00:00,141.06904602
2021-10-01 00:00:00+00:00,161.68237305
2021-10-02 00:00:00+00:00,169.09301758
2021-10-03 00:00:00+00:00,172.5891571
2021-10-04 00:00:00+00:00,166.73191833
2021-10-05 00:00:00+00:00,164.11582947
2021-10-06 00:00:00+00:00,154.10774231
2021-10-07 00:00:00+00:00,154.28118896
2021-10-08 00:00:00+00:00,158.94920349
2021-10-09 00:00:00+00:00,156.82583618
2021-10-10 00:00:00+00:00,148.04870605
2021-10-11 00:00:00+00:00,144.85813904
2021-10-12 00:00:00+00:00,152.73712158
2021-10-13 00:00:00+00:00,148.17604065
2021-10-14 00:00:00+00:00,149.75680542
2021-10-15 00:00:00+00:00,162.59620667
2021-10-16 00:00:00+00:00,157.53881836
2021-10-17 00:00:00+00:00,159.74380493
2021-10-18 00:00:00+00:00,157.23127747
2021-10-19 00:00:00+00:00,156.01702881
2021-10-20 00:00:00+00:00,175.9468689
2021-10-21 00:00:00+00:00,190.31843567
2021-10-22 00:00:00+00:00,196.43153381
2021-10-23 00:00:00+00:00,197.70385742
2021-10-24 00:00:00+00:00,202.36198425
2021-10-25 00:00:00+00:00,210.10429382
2021-10-26 00:00:00+00:00,199.80725098
2021-10-27 00:00:00+00:00,183.77459717
2021-10-28 00:00:00+00:00,194.86398315
2021-10-29 00:00:00+00:00,200.18275452
2021-10-30 00:00:00+00:00,195.4160614
2021-10-31 00:00:00+00:00,202.42102051
2021-11-01 00:00:00+00:00,203.54508972
2021-11-02 00:00:00+00:00,220.23959351
2021-11-03 00:00:00+00:00,242.89881897
2021-11-04 00:00:00+00:00,247.38777161
2021-11-05 00:00:00+00:00,236.47433472
2021-11-06 00:00:00+00:00,258.93432617
2021-11-07 00:00:00+00:00,249.82348633
2021-11-08 00:00:00+00:00,248.46717834
2021-11-09 00:00:00+00:00,239.21313477
2021-11-10 00:00:00+00:00,233.77952576
2021-11-11 00:00:00+00:00,234.24075317
2021-11-12 00:00:00+00:00,228.50209045
2021-11-13 00:00:00+00:00,241.82502747
2021-11-14 00:00:00+00:00,238.42552185
2021-11-15 00:00:00+00:00,237.55360413
2021-11-16 00:00:00+00:00,219.23902893
2021-11-17 00:00:00+00:00,218.71524048
2021-11-18 00:00:00+00:00,195.4874115
2021-11-19 00:00:00+00:00,215.28001404
2021-11-20 00:00:00+00:00,218.01527405
2021-11-21 00:00:00+00:00,231.28262329
2021-11-22 00:00:00+00:00,215.73727417
2021-11-23 00:00:00+00:00,221.8368988
2021-11-24 00:00:00+00:00,214.92153931
2021-11-25 00:00:00+00:00,206.25299072
2021-11-26 00:00:00+00:00,191.51174927
2021-11-27 00:00:00+00:00,193.10215759
2021-11-28 00:00:00+00:00,200.676651
2021-11-29 00:00:00+00:00,204.31936646
2021-11-30 00:00:00+00:00,208.67098999
2021-12-01 00:00:00+00:00,229.79924011
2021-12-02 00:00:00+00:00,233.99304199
2021-12-03 00:00:00+00:00,211.22439575
2021-12-04 00:00:00+00:00,201.12483215
2021-12-05 00:00:00+00:00,196.16825867
2021-12-06 00:00:00+00:00,194.19921875
2021-12-07 00:00:00+00:00,190.59690857
2021-12-08 00:00:00+00:00,194.6217041
2021-12-09 00:00:00+00:00,181.17808533
2021-12-10 00:00:00+00:00,167.95483398
2021-12-11 00:00:00+00:00,171.94949341
2021-12-12 00:00:00+00:00,173.43167114
2021-12-13 00:00:00+00:00,155.21305847
2021-12-14 00:00:00+00:00,153.34144592
2021-12-15 00:00:00+00:00,178.34078979
2021-12-16 00:00:00+00:00,176.95466614
2021-12-17 00:00:00+00:00,175.5032959
2021-12-18 00:00:00+00:00,182.83512878
2021-12-19 00:00:00+00:00,180.09805298
2021-12-20 00:00:00+00:00,173.67178345
2021-12-21 00:00:00+00:00,180.09254456
2021-12-22 00:00:00+00:00,178.59712219
2021-12-23 00:00:00+00:00,190.03631592
2021-12-24 00:00:00+00:00,190.27319336
2021-12-25 00:00:00+00:00,193.1209259
2021-12-26 00:00:00+00:00,198.00073242
2021-12-27 00:00:00+00:00,195.42950439
2021-12-28 00:00:00+00:00,177.42562866
2021-12-29 00:00:00+00:00,170.65756226
2021-12-30 00:00:00+00:00,172.75119019
2021-12-31 00:00:00+00:00,170.29907227
2022-01-01 00:00:00+00:00,178.51794434
2022-01-02 00:00:00+00:00,176.38284302
2022-01-03 00:00:00+00:00,170.29774475
2022-01-04 00:00:00+00:00,167.93890381
2022-01-05 00:00:00+00:00,155.09973145
2022-01-06 00:00:00+00:00,150.43135071
2022-01-07 00:00:00+00:00,136.40281677
2022-01-08 00:00:00+00:00,142.51345825
2022-01-09 00:00:00+00:00,140.83900452
2022-01-10 00:00:00+00:00,135.9549408
2022-01-11 00:00:00+00:00,140.18385315
2022-01-12 00:00:00+00:00,151.70310974
2022-01-13 00:00:00+00:00,146.01004028
2022-01-14 00:00:00+00:00,146.1590271
2022-01-15 00:00:00+00:00,147.80117798
2022-01-16 00:00:00+00:00,147.85652161
2022-01-17 00:00:00+00:00,139.92601013
2022-01-18 00:00:00+00:00,141.58718872
2022-01-19 00:00:00+00:00,135.79238892
2022-01-20 00:00:00+00:00,127.20528412
2022-01-21 00:00:00+00:00,111.96605682
2022-01-22 00:00:00+00:00,94.17836761
2022-01-23 00:00:00+00:00,99.57822418
2022-01-24 00:00:00+00:00,91.65016174
2022-01-25 00:00:00+00:00,94.72035217
2022-01-26 00:00:00+00:00,92.23804474
2022-01-27 00:00:00+00:00,89.63249207
2022-01-28 00:00:00+00:00,91.31289673
2022-01-29 00:00:00+00:00,96.22348785
2022-01-30 00:00:00+00:00,93.29767609
2022-01-31 00:00:00+00:00,99.7388382
2022-02-01 00:00:00+00:00,109.97898102
2022-02-02 00:00:00+00:00,101.83760071
2022-02-03 00:00:00+00:00,101.45903778
2022-02-04 00:00:00+00:00,112.17424774
2022-02-05 00:00:00+00:00,113.89430237
2022-02-06 00:00:00+00:00,115.29975891
2022-02-07 00:00:00+00:00,117.35514832
2022-02-08 00:00:00+00:00,113.59548187
2022-02-09 00:00:00+00:00,114.01937866
2022-02-10 00:00:00+00:00,106.20280457
2022-02-11 00:00:00+00:00,96.38188171
2022-02-12 00:00:00+00:00,95.91820526
2022-02-13 00:00:00+00:00,93.24410248
2022-02-14 00:00:00+00:00,96.43327332
2022-02-15 00:00:00+00:00,104.87330627
2022-02-16 00:00:00+00:00,101.93289948
2022-02-17 00:00:00+00:00,93.41042328
2022-02-18 00:00:00+00:00,90.06546021
2022-02-19 00:00:00+00:00,91.4966507
2022-02-20 00:00:00+00:00,90.90141296
2022-02-21 00:00:00+00:00,83.12316132
2022-02-22 00:00:00+00:00,86.46538544
2022-02-23 00:00:00+00:00,84.90278625
2022-02-24 00:00:00+00:00,89.19474792
2022-02-25 00:00:00+00:00,92.59882355
2022-02-26 00:00:00+00:00,90.14156342
2022-02-27 00:00:00+00:00,85.5190506
2022-02-28 00:00:00+00:00,99.5203476
2022-03-01 00:00:00+00:00,98.65355682
2022-03-02 00:00:00+00:00,100.64963531
2022-03-03 00:00:00+00:00,95.53919983
2022-03-04 00:00:00+00:00,88.24597931
2022-03-05 00:00:00+00:00,89.64784241
2022-03-06 00:00:00+00:00,84.54218292
2022-03-07 00:00:00+00:00,82.13006592
2022-03-08 00:00:00+00:00,82.25476074
2022-03-09 00:00:00+00:00,88.20206451
2022-03-10 00:00:00+00:00,82.93908691
2022-03-11 00:00:00+00:00,80.74499512
2022-03-12 00:00:00+00:00,81.55381775
2022-03-13 00:00:00+00:00,78.9360733
2022-03-14 00:00:00+00:00,81.17333984
2022-03-15 00:00:00+00:00,82.95508575
2022-03-16 00:00:00+00:00,87.90362549
2022-03-17 00:00:00+00:00,87.87684631
2022-03-18 00:00:00+00:00,89.82203674
2022-03-19 00:00:00+00:00,92.41815186
2022-03-20 00:00:00+00:00,88.61486053
2022-03-21 00:00:00+00:00,88.75720215
2022-03-22 00:00:00+00:00,90.51296997
2022-03-23 00:00:00+00:00,95.10268402
2022-03-24 00:00:00+00:00,102.22369385
2022-03-25 00:00:00+00:00,98.65810394
2022-03-26 00:00:00+00:00,101.76418304
2022-03-27 00:00:00+00:00,107.08422089
2022-03-28 00:00:00+00:00,106.46525574
2022-03-29 00:00:00+00:00,111.71031189
2022-03-30 00:00:00+00:00,120.69948578
2022-03-31 00:00:00+00:00,122.66146088
2022-04-01 00:00:00+00:00,134.43093872
2022-04-02 00:00:00+00:00,132.1988678
2022-04-03 00:00:00+00:00,136.77532959
2022-04-04 00:00:00+00:00,132.41262817
2022-04-05 00:00:00+00:00,126.86223602
2022-04-06 00:00:00+00:00,112.8833847
2022-04-07 00:00:00+00:00,118.79651642
2022-04-08 00:00:00+00:00,109.80088043
2022-04-09 00:00:00+00:00,112.97279358
2022-04-10 00:00:00+00:00,111.74243927
2022-04-11 00:00:00+00:00,99.3391037
2022-04-12 00:00:00+00:00,103.30638885
2022-04-13 00:00:00+00:00,105.0019455
2022-04-14 00:00:00+00:00,100.70780182
2022-04-15 00:00:00+00:00,101.30977631
2022-04-16 00:00:00+00:00,102.25731659
2022-04-17 00:00:00+00:00,100.40969849
2022-04-18 00:00:00+00:00,102.15853119
2022-04-19 00:00:00+00:00,108.58203125
2022-04-20 00:00:00+00:00,105.49700165
2022-04-21 00:00:00+00:00,101.77613831
2022-04-22 00:00:00+00:00,100.61205292
2022-04-23 00:00:00+00:00,100.74443817
2022-04-24 00:00:00+00:00,99.23579407
2022-04-25 00:00:00+00:00,101.24763489
2022-04-26 00:00:00+00:00,95.78215027
2022-04-27 00:00:00+00:00,98.3788681
2022-04-28 00:00:00+00:00,98.18572998
2022-04-29 00:00:00+00:00,94.01134491
2022-04-30 00:00:00+00:00,85.09593201
2022-05-01 00:00:00+00:00,89.67150879
2022-05-02 00:00:00+00:00,87.58101654
2022-05-03 00:00:00+00:00,85.84237671
2022-05-04 00:00:00+00:00,92.77085114
2022-05-05 00:00:00+00:00,84.59602356
2022-05-06 00:00:00+00:00,81.76410675
2022-05-07 00:00:00+00:00,78.98342133
2022-05-08 00:00:00+00:00,75.22018433
2022-05-09 00:00:00+00:00,63.26965332
2022-05-10 00:00:00+00:00,66.76615143
2022-05-11 00:00:00+00:00,50.21084976
2022-05-12 00:00:00+00:00,44.68358994
2022-05-13 00:00:00+00:00,48.59355164
2022-05-14 00:00:00+00:00,52.41722488
2022-05-15 00:00:00+00:00,58.81126022
2022-05-16 00:00:00+00:00,53.64646149
2022-05-17 00:00:00+00:00,57.12562561
2022-05-18 00:00:00+00:00,49.75621033
2022-05-19 00:00:00+00:00,52.21397781
2022-05-20 00:00:00+00:00,49.53850937
2022-05-21 00:00:00+00:00,50.31798172
2022-05-22 00:00:00+00:00,52.75518036
2022-05-23 00:00:00+00:00,49.05685043
2022-05-24 00:00:00+00:00,49.65333557
2022-05-25 00:00:00+00:00,47.98242569
2022-05-26 00:00:00+00:00,43.49121094
2022-05-27 00:00:00+00:00,40.98134613
2022-05-28 00:00:00+00:00,44.34316254
2022-05-29 00:00:00+00:00,44.90961456
2022-05-30 00:00:00+00:00,47.17944336
2022-05-31 00:00:00+00:00,45.76784134
2022-06-01 00:00:00+00:00,40.26966858
2022-06-02 00:00:00+00:00,40.89134598
2022-06-03 00:00:00+00:00,38.25922012
2022-06-04 00:00:00+00:00,38.93144608
2022-06-05 00:00:00+00:00,38.4805336
2022-06-06 00:00:00+00:00,42.43313217
2022-06-07 00:00:00+00:00,39.43757248
2022-06-08 00:00:00+00:00,38.84336853
2022-06-09 00:00:00+00:00,39.97260666
2022-06-10 00:00:00+00:00,37.08976746
2022-06-11 00:00:00+00:00,33.8211174
2022-06-12 00:00:00+00:00,30.74327087
2022-06-13 00:00:00+00:00,28.19236183
2022-06-14 00:00:00+00:00,29.71461868
2022-06-15 00:00:00+00:00,34.48794174
2022-06-16 00:00:00+00:00,29.98974228
2022-06-17 00:00:00+00:00,30.74291992
2022-06-18 00:00:00+00:00,31.80793571
2022-06-19 00:00:00+00:00,34.24374771
2022-06-20 00:00:00+00:00,35.41711426
2022-06-21 00:00:00+00:00,36.1211586
2022-06-22 00:00:00+00:00,34.12163544
2022-06-23 00:00:00+00:00,38.17523193
2022-06-24 00:00:00+00:00,42.21204758
2022-06-25 00:00:00+00:00,42.33281326
2022-06-26 00:00:00+00:00,39.40808868
2022-06-27 00:00:00+00:00,38.45125198
2022-06-28 00:00:00+00:00,35.3264389
2022-06-29 00:00:00+00:00,33.87390137
2022-06-30 00:00:00+00:00,33.58841705
2022-07-01 00:00:00+00:00,32.80307007
2022-07-02 00:00:00+00:00,33.35940933
2022-07-03 00:00:00+00:00,33.38593292
2022-07-04 00:00:00+00:00,36.78503036
2022-07-05 00:00:00+00:00,35.39555359
2022-07-06 00:00:00+00:00,37.07356262
2022-07-07 00:00:00+00:00,38.51830673
2022-07-08 00:00:00+00:00,38.28672028
2022-07-09 00:00:00+00:00,38.07196045
2022-07-10 00:00:00+00:00,36.69760895
2022-07-11 00:00:00+00:00,33.46360016
2022-07-12 00:00:00+00:00,32.75759506
2022-07-13 00:00:00+00:00,34.91093826
2022-07-14 00:00:00+00:00,37.10782242
2022-07-15 00:00:00+00:00,37.41592789
2022-07-16 00:00:00+00:00,39.57412338
2022-07-17 00:00:00+00:00,38.64472198
2022-07-18 00:00:00+00:00,43.7461586
2022-07-19 00:00:00+00:00,44.89987564
2022-07-20 00:00:00+00:00,42.09366989
2022-07-21 00:00:00+00:00,43.19059372
2022-07-22 00:00:00+00:00,40.61850357
2022-07-23 00:00:00+00:00,40.04097748
2022-07-24 00:00:00+00:00,41.00658417
2022-07-25 00:00:00+00:00,36.71199799
2022-07-26 00:00:00+00:00,36.19085312
2022-07-27 00:00:00+00:00,40.30784988
2022-07-28 00:00:00+00:00,42.84526825
2022-07-29 00:00:00+00:00,41.92699814
2022-07-30 00:00:00+00:00,43.75588989
2022-07-31 00:00:00+00:00,42.4002037
2022-08-01 00:00:00+00:00,41.78648376
2022-08-02 00:00:00+00:00,39.75450516
2022-08-03 00:00:00+00:00,38.54441833
2022-08-04 00:00:00+00:00,38.83067322
2022-08-05 00:00:00+00:00,40.56103134
2022-08-06 00:00:00+00:00,40.05700684
2022-08-07 00:00:00+00:00,40.60559082
2022-08-08 00:00:00+00:00,42.1705513
2022-08-09 00:00:00+00:00,40.37262344
2022-08-10 00:00:00+00:00,42.36586761
2022-08-11 00:00:00+00:00,42.82178879
2022-08-12 00:00:00+00:00,45.33475876
2022-08-13 00:00:00+00:00,46.48534775
2022-08-14 00:00:00+00:00,44.91656876
2022-08-15 00:00:00+00:00,43.82322311
2022-08-16 00:00:00+00:00,43.15880585
2022-08-17 00:00:00+00:00,40.40305328
2022-08-18 00:00:00+00:00,39.54523087
2022-08-19 00:00:00+00:00,35.89025879
2022-08-20 00:00:00+00:00,35.26973343
2022-08-21 00:00:00+00:00,36.53319931
2022-08-22 00:00:00+00:00,35.47438049
2022-08-23 00:00:00+00:00,35.64625168
2022-08-24 00:00:00+00:00,34.95791626
2022-08-25 00:00:00+00:00,35.31646347
2022-08-26 00:00:00+00:00,31.72636223
2022-08-27 00:00:00+00:00,31.54243279
2022-08-28 00:00:00+00:00,30.3922863
2022-08-29 00:00:00+00:00,32.4652977
2022-08-30 00:00:00+00:00,31.41205597
2022-08-31 00:00:00+00:00,31.4729557
2022-09-01 00:00:00+00:00,31.5856781
2022-09-02 00:00:00+00:00,31.22793007
2022-09-03 00:00:00+00:00,31.10948372
2022-09-04 00:00:00+00:00,32.10695648
2022-09-05 00:00:00+00:00,32.19464874
2022-09-06 00:00:00+00:00,30.89174271
2022-09-07 00:00:00+00:00,32.71091843
2022-09-08 00:00:00+00:00,33.60864639
2022-09-09 00:00:00+00:00,34.73976517
2022-09-10 00:00:00+00:00,35.12672806
2022-09-11 00:00:00+00:00,34.96596146
2022-09-12 00:00:00+00:00,37.42418289
2022-09-13 00:00:00+00:00,33.43081665
2022-09-14 00:00:00+00:00,34.09157181
2022-09-15 00:00:00+00:00,33.04768372
2022-09-16 00:00:00+00:00,32.20885849
2022-09-17 00:00:00+00:00,33.7507782
2022-09-18 00:00:00+00:00,31.05985451
2022-09-19 00:00:00+00:00,32.68530273
2022-09-20 00:00:00+00:00,31.43304062
2022-09-21 00:00:00+00:00,30.82637787
2022-09-22 00:00:00+00:00,32.40890503
2022-09-23 00:00:00+00:00,33.67663574
2022-09-24 00:00:00+00:00,33.4626503
2022-09-25 00:00:00+00:00,32.33536148
2022-09-26 00:00:00+00:00,33.8805542
2022-09-27 00:00:00+00:00,32.7501297
2022-09-28 00:00:00+00:00,33.2354393
2022-09-29 00:00:00+00:00,33.9524498
2022-09-30 00:00:00+00:00,33.21244431
2022-10-01 00:00:00+00:00,32.46939468
2022-10-02 00:00:00+00:00,32.05569839
2022-10-03 00:00:00+00:00,32.96762085
2022-10-04 00:00:00+00:00,34.12247086
2022-10-05 00:00:00+00:00,34.07388306
2022-10-06 00:00:00+00:00,33.34281921
2022-10-07 00:00:00+00:00,33.00146484
2022-10-08 00:00:00+00:00,32.57793427
2022-10-09 00:00:00+00:00,32.91388321
2022-10-10 00:00:00+00:00,31.97083473
2022-10-11 00:00:00+00:00,30.77686882
2022-10-12 00:00:00+00:00,31.16548538
2022-10-13 00:00:00+00:00,30.54451942
2022-10-14 00:00:00+00:00,30.00741768
2022-10-15 00:00:00+00:00,29.5753479
2022-10-16 00:00:00+00:00,30.16884041
2022-10-17 00:00:00+00:00,31.2248764
2022-10-18 00:00:00+00:00,30.16433144
2022-10-19 00:00:00+00:00,28.9007988
2022-10-20 00:00:00+00:00,28.08509636
2022-10-21 00:00:00+00:00,28.10867691
2022-10-22 00:00:00+00:00,28.01386261
2022-10-23 00:00:00+00:00,29.27007103
2022-10-24 00:00:00+00:00,28.31006432
2022-10-25 00:00:00+00:00,30.93997574
2022-10-26 00:00:00+00:00,31.28472137
2022-10-27 00:00:00+00:00,30.63062477
2022-10-28 00:00:00+00:00,32.11126328
2022-10-29 00:00:00+00:00,32.85712814
2022-10-30 00:00:00+00:00,32.96593094
2022-10-31 00:00:00+00:00,32.61103821
2022-11-01 00:00:00+00:00,32.24842453
2022-11-02 00:00:00+00:00,30.7880764
2022-11-03 00:00:00+00:00,30.8438797
2022-11-04 00:00:00+00:00,33.78085327
2022-11-05 00:00:00+00:00,36.76576233
2022-11-06 00:00:00+00:00,32.68358231
2022-11-07 00:00:00+00:00,29.60134506
2022-11-08 00:00:00+00:00,24.15293694
2022-11-09 00:00:00+00:00,13.94085693
2022-11-10 00:00:00+00:00,17.68140793
2022-11-11 00:00:00+00:00,16.32674599
2022-11-12 00:00:00+00:00,14.53900146
2022-11-13 00:00:00+00:00,13.16452885
2022-11-14 00:00:00+00:00,14.00135612
2022-11-15 00:00:00+00:00,14.30129433
2022-11-16 00:00:00+00:00,14.28550816
2022-11-17 00:00:00+00:00,13.63873482
2022-11-18 00:00:00+00:00,13.2474966
2022-11-19 00:00:00+00:00,12.85101414
2022-11-20 00:00:00+00:00,12.25283337
2022-11-21 00:00:00+00:00,11.84620857
2022-11-22 00:00:00+00:00,12.43562508
2022-11-23 00:00:00+00:00,14.35151196
2022-11-24 00:00:00+00:00,14.58235073
2022-11-25 00:00:00+00:00,14.06313801
2022-11-26 00:00:00+00:00,14.15919399
2022-11-27 00:00:00+00:00,14.11576653
2022-11-28 00:00:00+00:00,13.40451813
2022-11-29 00:00:00+00:00,13.36973381
2022-11-30 00:00:00+00:00,14.11544514
2022-12-01 00:00:00+00:00,13.48096848
2022-12-02 00:00:00+00:00,13.71564007
2022-12-03 00:00:00+00:00,13.30245781
2022-12-04 00:00:00+00:00,13.7182188
2022-12-05 00:00:00+00:00,13.83111286
2022-12-06 00:00:00+00:00,14.2888546
2022-12-07 00:00:00+00:00,13.51965332
2022-12-08 00:00:00+00:00,13.68922234
2022-12-09 00:00:00+00:00,13.5801878
2022-12-10 00:00:00+00:00,13.57699585
2022-12-11 00:00:00+00:00,13.42780972
2022-12-12 00:00:00+00:00,13.31854439
2022-12-13 00:00:00+00:00,13.83398628
2022-12-14 00:00:00+00:00,14.14052582
2022-12-15 00:00:00+00:00,14.02151108
2022-12-16 00:00:00+00:00,12.26660633
2022-12-17 00:00:00+00:00,12.50440407
2022-12-18 00:00:00+00:00,12.41312027
2022-12-19 00:00:00+00:00,11.93265533
2022-12-20 00:00:00+00:00,12.28051472
2022-12-21 00:00:00+00:00,12.1289854
2022-12-22 00:00:00+00:00,11.79482937
2022-12-23 00:00:00+00:00,11.78616619
2022-12-24 00:00:00+00:00,11.44427586
2022-12-25 00:00:00+00:00,11.38790321
2022-12-26 00:00:00+00:00,11.30661106
2022-12-27 00:00:00+00:00,11.08543015
2022-12-28 00:00:00+00:00,9.75590611
2022-12-29 00:00:00+00:00,9.65178299
2022-12-30 00:00:00+00:00,9.88017654
2022-12-31 00:00:00+00:00,9.96103859
2023-01-01 00:00:00+00:00,9.98217297
2023-01-02 00:00:00+00:00,11.27296734
2023-01-03 00:00:00+00:00,13.34404564
2023-01-04 00:00:00+00:00,13.43511295
2023-01-05 00:00:00+00:00,13.41932964
2023-01-06 00:00:00+00:00,13.52584171
2023-01-07 00:00:00+00:00,13.09226799
2023-01-08 00:00:00+00:00,14.31993294
2023-01-09 00:00:00+00:00,16.30246353
2023-01-10 00:00:00+00:00,16.19672394
2023-01-11 00:00:00+00:00,16.35941505
2023-01-12 00:00:00+00:00,16.61904335
2023-01-13 00:00:00+00:00,18.28844452
2023-01-14 00:00:00+00:00,24.24945831
2023-01-15 00:00:00+00:00,22.87330627
2023-01-16 00:00:00+00:00,23.57756424
2023-01-17 00:00:00+00:00,22.88406372
2023-01-18 00:00:00+00:00,20.85063362
2023-01-19 00:00:00+00:00,21.42676544
2023-01-20 00:00:00+00:00,25.54827118
2023-01-21 00:00:00+00:00,24.62783813
2023-01-22 00:00:00+00:00,24.23278999
2023-01-23 00:00:00+00:00,24.35780716
2023-01-24 00:00:00+00:00,22.79567337
2023-01-25 00:00:00+00:00,24.57144547
2023-01-26 00:00:00+00:00,24.35069656
2023-01-27 00:00:00+00:00,24.40785789
2023-01-28 00:00:00+00:00,23.98180199
2023-01-29 00:00:00+00:00,26.13238716
2023-01-30 00:00:00+00:00,23.94632149
2023-01-31 00:00:00+00:00,23.95254707
2023-02-01 00:00:00+00:00,24.99335861
2023-02-02 00:00:00+00:00,24.26505852
2023-02-03 00:00:00+00:00,24.68089676
2023-02-04 00:00:00+00:00,24.31774521
2023-02-05 00:00:00+00:00,23.49343872
2023-02-06 00:00:00+00:00,22.70638847
2023-02-07 00:00:00+00:00,23.86135674
2023-02-08 00:00:00+00:00,23.19267082
2023-02-09 00:00:00+00:00,20.45212746
2023-02-10 00:00:00+00:00,20.13010979
2023-02-11 00:00:00+00:00,20.83009529
2023-02-12 00:00:00+00:00,21.48997879
2023-02-13 00:00:00+00:00,20.7901001
2023-02-14 00:00:00+00:00,21.82495308
2023-02-15 00:00:00+00:00,23.8839016
2023-02-16 00:00:00+00:00,22.28595161
2023-02-17 00:00:00+00:00,23.16675758
2023-02-18 00:00:00+00:00,23.47859192
2023-02-19 00:00:00+00:00,24.84075165
2023-02-20 00:00:00+00:00,26.18138695
2023-02-21 00:00:00+00:00,24.94855881
2023-02-22 00:00:00+00:00,24.1813488
2023-02-23 00:00:00+00:00,23.9008007
2023-02-24 00:00:00+00:00,23.05303574
2023-02-25 00:00:00+00:00,22.52339935
2023-02-26 00:00:00+00:00,23.25608826
2023-02-27 00:00:00+00:00,22.69258881
2023-02-28 00:00:00+00:00,21.91638756
2023-03-01 00:00:00+00:00,22.50643158
2023-03-02 00:00:00+00:00,21.98487854
2023-03-03 00:00:00+00:00,21.39935303
2023-03-04 00:00:00+00:00,20.96683884
2023-03-05 00:00:00+00:00,20.97858429
2023-03-06 00:00:00+00:00,20.63501167
2023-03-07 00:00:00+00:00,20.2447319
2023-03-08 00:00:00+00:00,18.42119408
2023-03-09 00:00:00+00:00,17.30814743
2023-03-10 00:00:00+00:00,18.24364281
2023-03-11 00:00:00+00:00,18.22584343
2023-03-12 00:00:00+00:00,20.31053162
2023-03-13 00:00:00+00:00,20.43371201
2023-03-14 00:00:00+00:00,20.92803383
2023-03-15 00:00:00+00:00,19.29098129
2023-03-16 00:00:00+00:00,19.73054314
2023-03-17 00:00:00+00:00,21.62910271
2023-03-18 00:00:00+00:00,21.19590187
2023-03-19 00:00:00+00:00,21.90340233
2023-03-20 00:00:00+00:00,22.17646408
2023-03-21 00:00:00+00:00,22.61826706
2023-03-22 00:00:00+00:00,21.48048592
2023-03-23 00:00:00+00:00,22.2167778
2023-03-24 00:00:00+00:00,20.6788559
2023-03-25 00:00:00+00:00,20.44664574
2023-03-26 00:00:00+00:00,20.97551918
2023-03-27 00:00:00+00:00,19.92167473
2023-03-28 00:00:00+00:00,20.4706974
2023-03-29 00:00:00+00:00,21.11146736
2023-03-30 00:00:00+00:00,20.55104637
2023-03-31 00:00:00+00:00,21.17049599
2023-04-01 00:00:00+00:00,20.97564125
2023-04-02 00:00:00+00:00,20.53697586
2023-04-03 00:00:00+00:00,20.44305038
2023-04-04 00:00:00+00:00,20.92461967
2023-04-05 00:00:00+00:00,20.96600723
2023-04-06 00:00:00+00:00,20.6101284
2023-04-07 00:00:00+00:00,20.46994019
2023-04-08 00:00:00+00:00,20.03644943
2023-04-09 00:00:00+00:00,20.29946518
2023-04-10 00:00:00+00:00,20.88235664
2023-04-11 00:00:00+00:00,23.01882744
2023-04-12 00:00:00+00:00,23.98530579
2023-04-13 00:00:00+00:00,24.4323082
2023-04-14 00:00:00+00:00,24.77272224
2023-04-15 00:00:00+00:00,24.07937813
2023-04-16 00:00:00+00:00,25.36192703
2023-04-17 00:00:00+00:00,24.55884552
2023-04-18 00:00:00+00:00,24.85268974
2023-04-19 00:00:00+00:00,22.71283531
2023-04-20 00:00:00+00:00,22.18144035
2023-04-21 00:00:00+00:00,21.2781353
2023-04-22 00:00:00+00:00,21.81628799
2023-04-23 00:00:00+00:00,21.48013878
2023-04-24 00:00:00+00:00,21.39106941
2023-04-25 00:00:00+00:00,21.92725372
2023-04-26 00:00:00+00:00,21.28301239
2023-04-27 00:00:00+00:00,22.34011459
2023-04-28 00:00:00+00:00,23.36628723
2023-04-29 00:00:00+00:00,23.18299675
2023-04-30 00:00:00+00:00,22.83201408
2023-05-01 00:00:00+00:00,21.9866333
2023-05-02 00:00:00+00:00,22.26497841
2023-05-03 00:00:00+00:00,22.21800232
2023-05-04 00:00:00+00:00,21.73034859
2023-05-05 00:00:00+00:00,22.82611084
2023-05-06 00:00:00+00:00,21.97426224
2023-05-07 00:00:00+00:00,21.84422874
2023-05-08 00:00:00+00:00,20.65746307
2023-05-09 00:00:00+00:00,20.68364525
2023-05-10 00:00:00+00:00,20.95371056
2023-05-11 00:00:00+00:00,20.23488045
2023-05-12 00:00:00+00:00,20.91179466
2023-05-13 00:00:00+00:00,20.86876106
2023-05-14 00:00:00+00:00,20.95339775
2023-05-15 00:00:00+00:00,21.0071888
2023-05-16 00:00:00+00:00,20.67942047
2023-05-17 00:00:00+00:00,21.06839943
2023-05-18 00:00:00+00:00,20.34869576
2023-05-19 00:00:00+00:00,20.34987068
2023-05-20 00:00:00+00:00,20.28544617
2023-05-21 00:00:00+00:00,19.60943794
2023-05-22 00:00:00+00:00,19.54204559
2023-05-23 00:00:00+00:00,20.04318237
2023-05-24 00:00:00+00:00,19.22366333
2023-05-25 00:00:00+00:00,19.26066208
2023-05-26 00:00:00+00:00,19.36695671
2023-05-27 00:00:00+00:00,20.42523384
2023-05-28 00:00:00+00:00,20.79857826
2023-05-29 00:00:00+00:00,20.5865097
2023-05-30 00:00:00+00:00,21.25408363
2023-05-31 00:00:00+00:00,20.82450294
2023-06-01 00:00:00+00:00,20.50221825
2023-06-02 00:00:00+00:00,21.25759506
2023-06-03 00:00:00+00:00,21.15556526
2023-06-04 00:00:00+00:00,21.81897545
2023-06-05 00:00:00+00:00,20.07505989
2023-06-06 00:00:00+00:00,20.39848328
2023-06-07 00:00:00+00:00,18.63428307
2023-06-08 00:00:00+00:00,18.90947533
2023-06-09 00:00:00+00:00,17.37969971
2023-06-10 00:00:00+00:00,15.65610123
2023-06-11 00:00:00+00:00,15.5587759
2023-06-12 00:00:00+00:00,15.19670773
2023-06-13 00:00:00+00:00,15.01819324
2023-06-14 00:00:00+00:00,14.48657227
2023-06-15 00:00:00+00:00,14.75947285
2023-06-16 00:00:00+00:00,15.30825424
2023-06-17 00:00:00+00:00,15.65052128
2023-06-18 00:00:00+00:00,15.43823528
2023-06-19 00:00:00+00:00,16.07304192
2023-06-20 00:00:00+00:00,16.63523102
2023-06-21 00:00:00+00:00,17.25704575
2023-06-22 00:00:00+00:00,16.64262009
2023-06-23 00:00:00+00:00,17.14953423
2023-06-24 00:00:00+00:00,16.65286255
2023-06-25 00:00:00+00:00,16.97138023
2023-06-26 00:00:00+00:00,16.27002716
2023-06-27 00:00:00+00:00,16.61964989
2023-06-28 00:00:00+00:00,15.98684311
2023-06-29 00:00:00+00:00,17.97045708
2023-06-30 00:00:00+00:00,18.8973217
2023-07-01 00:00:00+00:00,18.68390274
2023-07-02 00:00:00+00:00,19.45359421
2023-07-03 00:00:00+00:00,19.24053764
2023-07-04 00:00:00+00:00,19.14322853
2023-07-05 00:00:00+00:00,18.99286461
2023-07-06 00:00:00+00:00,19.72938538
2023-07-07 00:00:00+00:00,21.48466492
2023-07-08 00:00:00+00:00,21.85926819
2023-07-09 00:00:00+00:00,21.34900475
2023-07-10 00:00:00+00:00,21.31377602
2023-07-11 00:00:00+00:00,22.09293365
2023-07-12 00:00:00+00:00,21.97760201
2023-07-13 00:00:00+00:00,26.0256958
2023-07-14 00:00:00+00:00,26.73571777
2023-07-15 00:00:00+00:00,27.39135551
2023-07-16 00:00:00+00:00,27.38408279
2023-07-17 00:00:00+00:00,26.87276649
2023-07-18 00:00:00+00:00,25.54450417
2023-07-19 00:00:00+00:00,26.3723526
2023-07-20 00:00:00+00:00,25.37516785
2023-07-21 00:00:00+00:00,25.54426765
2023-07-22 00:00:00+00:00,24.53505325
2023-07-23 00:00:00+00:00,24.76681519
2023-07-24 00:00:00+00:00,23.38149071
2023-07-25 00:00:00+00:00,23.27932167
2023-07-26 00:00:00+00:00,25.17705345
2023-07-27 00:00:00+00:00,25.09933662
2023-07-28 00:00:00+00:00,24.84685707
2023-07-29 00:00:00+00:00,25.16897392
2023-07-30 00:00:00+00:00,24.26101875
2023-07-31 00:00:00+00:00,23.7209568
2023-08-01 00:00:00+00:00,23.99875259
2023-08-02 00:00:00+00:00,23.14572144
2023-08-03 00:00:00+00:00,22.63604927
2023-08-04 00:00:00+00:00,22.79361916
2023-08-05 00:00:00+00:00,22.63220406
2023-08-06 00:00:00+00:00,23.18569565
2023-08-07 00:00:00+00:00,23.0687561
2023-08-08 00:00:00+00:00,24.21176338
2023-08-09 00:00:00+00:00,24.37852669
2023-08-10 00:00:00+00:00,24.61305237
2023-08-11 00:00:00+00:00,24.58286095
2023-08-12 00:00:00+00:00,24.90673065
2023-08-13 00:00:00+00:00,24.24288559
2023-08-14 00:00:00+00:00,25.14282227
2023-08-15 00:00:00+00:00,23.89658546
2023-08-16 00:00:00+00:00,22.81197548
2023-08-17 00:00:00+00:00,21.70997429
2023-08-18 00:00:00+00:00,21.33549309
2023-08-19 00:00:00+00:00,21.87903786
2023-08-20 00:00:00+00:00,21.77327538
2023-08-21 00:00:00+00:00,21.20825958
2023-08-22 00:00:00+00:00,20.54654121
2023-08-23 00:00:00+00:00,21.70362473
2023-08-24 00:00:00+00:00,21.03303146
2023-08-25 00:00:00+00:00,20.39271927
2023-08-26 00:00:00+00:00,20.28042412
2023-08-27 00:00:00+00:00,20.78683853
2023-08-28 00:00:00+00:00,20.5571003
2023-08-29 00:00:00+00:00,21.78076363
2023-08-30 00:00:00+00:00,20.83490372
2023-08-31 00:00:00+00:00,19.73509216
2023-09-01 00:00:00+00:00,19.32784462
2023-09-02 00:00:00+00:00,19.4937439
2023-09-03 00:00:00+00:00,19.5787468
2023-09-04 00:00:00+00:00,19.49940872
2023-09-05 00:00:00+00:00,20.27238464
2023-09-06 00:00:00+00:00,19.62002945
2023-09-07 00:00:00+00:00,19.89049911
2023-09-08 00:00:00+00:00,19.5990448
2023-09-09 00:00:00+00:00,19.44607162
2023-09-10 00:00:00+00:00,18.2488308
2023-09-11 00:00:00+00:00,17.73916626
2023-09-12 00:00:00+00:00,17.92982674
2023-09-13 00:00:00+00:00,18.40299988
2023-09-14 00:00:00+00:00,18.83830643
2023-09-15 00:00:00+00:00,19.16884422
2023-09-16 00:00:00+00:00,19.14036942
2023-09-17 00:00:00+00:00,18.8316288
2023-09-18 00:00:00+00:00,19.65724564
2023-09-19 00:00:00+00:00,20.03618813
2023-09-20 00:00:00+00:00,20.30493736
2023-09-21 00:00:00+00:00,19.47907066
2023-09-22 00:00:00+00:00,19.43814468
2023-09-23 00:00:00+00:00,19.47390366
2023-09-24 00:00:00+00:00,19.37429047
2023-09-25 00:00:00+00:00,19.40414047
2023-09-26 00:00:00+00:00,19.02328682
2023-09-27 00:00:00+00:00,19.13002205
2023-09-28 00:00:00+00:00,19.95761681
2023-09-29 00:00:00+00:00,20.30065536
2023-09-30 00:00:00+00:00,21.39514732
2023-10-01 00:00:00+00:00,23.83648682
2023-10-02 00:00:00+00:00,23.37170029
2023-10-03 00:00:00+00:00,23.55269432
2023-10-04 00:00:00+00:00,23.14478683
2023-10-05 00:00:00+00:00,22.69414139
2023-10-06 00:00:00+00:00,23.42445374
2023-10-07 00:00:00+00:00,23.28730202
2023-10-08 00:00:00+00:00,23.24642563
2023-10-09 00:00:00+00:00,22.11839676
2023-10-10 00:00:00+00:00,22.10511589
2023-10-11 00:00:00+00:00,22.00741959
2023-10-12 00:00:00+00:00,21.30026817
2023-10-13 00:00:00+00:00,21.83491707
2023-10-14 00:00:00+00:00,22.01171875
2023-10-15 00:00:00+00:00,21.92202759
2023-10-16 00:00:00+00:00,23.98295784
2023-10-17 00:00:00+00:00,23.95931816
2023-10-18 00:00:00+00:00,23.43213844
2023-10-19 00:00:00+00:00,24.93791962
2023-10-20 00:00:00+00:00,27.03367424
2023-10-21 00:00:00+00:00,29.38622856
2023-10-22 00:00:00+00:00,29.03668213
2023-10-23 00:00:00+00:00,31.85098457
2023-10-24 00:00:00+00:00,30.15153694
2023-10-25 00:00:00+00:00,32.4630661
2023-10-26 00:00:00+00:00,32.77549362
2023-10-27 00:00:00+00:00,31.73969841
2023-10-28 00:00:00+00:00,31.65331841
2023-10-29 00:00:00+00:00,32.82260895
2023-10-30 00:00:00+00:00,34.96233749
2023-10-31 00:00:00+00:00,38.51951599
2023-11-01 00:00:00+00:00,41.46154404
2023-11-02 00:00:00+00:00,40.20756912
2023-11-03 00:00:00+00:00,39.51976013
2023-11-04 00:00:00+00:00,42.34659576
2023-11-05 00:00:00+00:00,41.23860168
2023-11-06 00:00:00+00:00,42.12858963
2023-11-07 00:00:00+00:00,43.09254456
2023-11-08 00:00:00+00:00,43.189888
2023-11-09 00:00:00+00:00,45.44482803
2023-11-10 00:00:00+00:00,56.64385223
2023-11-11 00:00:00+00:00,56.10266113
2023-11-12 00:00:00+00:00,56.15409851
2023-11-13 00:00:00+00:00,51.90705109
2023-11-14 00:00:00+00:00,56.83837509
2023-11-15 00:00:00+00:00,65.53440094
2023-11-16 00:00:00+00:00,57.87140274
2023-11-17 00:00:00+00:00,58.41593552
2023-11-18 00:00:00+00:00,58.51272583
2023-11-19 00:00:00+00:00,61.3935585
2023-11-20 00:00:00+00:00,56.53383255
2023-11-21 00:00:00+00:00,52.00047302
2023-11-22 00:00:00+00:00,57.5885582
2023-11-23 00:00:00+00:00,56.59936905
2023-11-24 00:00:00+00:00,56.86643982
2023-11-25 00:00:00+00:00,58.84648895
2023-11-26 00:00:00+00:00,57.6427002
2023-11-27 00:00:00+00:00,55.06462097
2023-11-28 00:00:00+00:00,58.19437027
2023-11-29 00:00:00+00:00,59.2501297
2023-11-30 00:00:00+00:00,59.24162292
2023-12-01 00:00:00+00:00,59.80399704
2023-12-02 00:00:00+00:00,63.83285904
2023-12-03 00:00:00+00:00,63.03996658
2023-12-04 00:00:00+00:00,61.52661514
2023-12-05 00:00:00+00:00,60.99483109
2023-12-06 00:00:00+00:00,61.90295792
2023-12-07 00:00:00+00:00,67.83782959
2023-12-08 00:00:00+00:00,75.00243378
2023-12-09 00:00:00+00:00,72.25760651
2023-12-10 00:00:00+00:00,74.70588684
2023-12-11 00:00:00+00:00,70.36717224
2023-12-12 00:00:00+00:00,68.54067993
2023-12-13 00:00:00+00:00,70.76778412
2023-12-14 00:00:00+00:00,75.62033081
2023-12-15 00:00:00+00:00,72.36898804
2023-12-16 00:00:00+00:00,73.47350311
2023-12-17 00:00:00+00:00,71.0005188
2023-12-18 00:00:00+00:00,74.34716034
2023-12-19 00:00:00+00:00,72.98976898
2023-12-20 00:00:00+00:00,82.19123077
2023-12-21 00:00:00+00:00,93.85481262
2023-12-22 00:00:00+00:00,98.00369263
2023-12-23 00:00:00+00:00,107.59423065
2023-12-24 00:00:00+00:00,112.48521423
2023-12-25 00:00:00+00:00,121.14646149
2023-12-26 00:00:00+00:00,112.67673492
2023-12-27 00:00:00+00:00,107.02379608
2023-12-28 00:00:00+00:00,102.10456848
2023-12-29 00:00:00+00:00,106.31151581
2023-12-30 00:00:00+00:00,101.84508514
2023-12-31 00:00:00+00:00,101.50582123
2024-01-01 00:00:00+00:00,109.50868225
2024-01-02 00:00:00+00:00,106.61122131
2024-01-03 00:00:00+00:00,98.59443665
2024-01-04 00:00:00+00:00,105.07753754
2024-01-05 00:00:00+00:00,99.97879028
2024-01-06 00:00:00+00:00,93.85771942
2024-01-07 00:00:00+00:00,89.2763443
2024-01-08 00:00:00+00:00,97.79044342
2024-01-09 00:00:00+00:00,99.40918732
2024-01-10 00:00:00+00:00,102.03302002
2024-01-11 00:00:00+00:00,99.90943909
2024-01-12 00:00:00+00:00,91.72090912
2024-01-13 00:00:00+00:00,95.73004913
2024-01-14 00:00:00+00:00,94.13314056
2024-01-15 00:00:00+00:00,94.49022675
2024-01-16 00:00:00+00:00,97.62691498
2024-01-17 00:00:00+00:00,102.06359863
2024-01-18 00:00:00+00:00,94.25095367
2024-01-19 00:00:00+00:00,93.38616943
2024-01-20 00:00:00+00:00,92.56983948
2024-01-21 00:00:00+00:00,90.84843445
2024-01-22 00:00:00+00:00,83.62281036
2024-01-23 00:00:00+00:00,84.27450562
2024-01-24 00:00:00+00:00,88.73200989
2024-01-25 00:00:00+00:00,86.88921356
2024-01-26 00:00:00+00:00,92.44236755
2024-01-27 00:00:00+00:00,94.16321564
2024-01-28 00:00:00+00:00,95.93798065
2024-01-29 00:00:00+00:00,101.56666565
2024-01-30 00:00:00+00:00,101.47297668
2024-01-31 00:00:00+00:00,97.02870941
2024-02-01 00:00:00+00:00,97.84669495
2024-02-02 00:00:00+00:00,100.44052124
2024-02-03 00:00:00+00:00,97.87998199
2024-02-04 00:00:00+00:00,95.47695923
2024-02-05 00:00:00+00:00,95.54866028
2024-02-06 00:00:00+00:00,96.86107635
2024-02-07 00:00:00+00:00,100.97927856
2024-02-08 00:00:00+00:00,102.7856369
2024-02-09 00:00:00+00:00,106.93333435
2024-02-10 00:00:00+00:00,109.13146973
2024-02-11 00:00:00+00:00,107.49528503
2024-02-12 00:00:00+00:00,111.99275208
2024-02-13 00:00:00+00:00,112.57930756
2024-02-14 00:00:00+00:00,116.97632599
2024-02-15 00:00:00+00:00,113.69940948
2024-02-16 00:00:00+00:00,110.44591522
2024-02-17 00:00:00+00:00,108.98401642
2024-02-18 00:00:00+00:00,112.17467499
2024-02-19 00:00:00+00:00,111.48532867
2024-02-20 00:00:00+00:00,108.4596405
2024-02-21 00:00:00+00:00,105.12522125
2024-02-22 00:00:00+00:00,101.66979218
2024-02-23 00:00:00+00:00,99.95469666
2024-02-24 00:00:00+00:00,104.13352203
2024-02-25 00:00:00+00:00,103.45349121
2024-02-26 00:00:00+00:00,109.91853333
2024-02-27 00:00:00+00:00,108.38808441
2024-02-28 00:00:00+00:00,118.05220032
2024-02-29 00:00:00+00:00,125.71151733
2024-03-01 00:00:00+00:00,129.99040222
2024-03-02 00:00:00+00:00,129.70018005
2024-03-03 00:00:00+00:00,130.4508667
2024-03-04 00:00:00+00:00,133.19458008
2024-03-05 00:00:00+00:00,125.70671082
2024-03-06 00:00:00+00:00,130.74201965
2024-03-07 00:00:00+00:00,143.9778595
2024-03-08 00:00:00+00:00,145.24003601
2024-03-09 00:00:00+00:00,144.60725403
2024-03-10 00:00:00+00:00,144.5151825
2024-03-11 00:00:00+00:00,148.7509613
2024-03-12 00:00:00+00:00,151.01544189
2024-03-13 00:00:00+00:00,163.83981323
2024-03-14 00:00:00+00:00,176.67974854
2024-03-15 00:00:00+00:00,182.96469116
2024-03-16 00:00:00+00:00,181.88034058
2024-03-17 00:00:00+00:00,202.12356567
2024-03-18 00:00:00+00:00,195.99275208
2024-03-19 00:00:00+00:00,170.01628113
2024-03-20 00:00:00+00:00,191.54962158
2024-03-21 00:00:00+00:00,179.2207489
2024-03-22 00:00:00+00:00,174.3637085
2024-03-23 00:00:00+00:00,172.9022522
2024-03-24 00:00:00+00:00,183.57345581
2024-03-25 00:00:00+00:00,189.08354187
2024-03-26 00:00:00+00:00,190.69985962
2024-03-27 00:00:00+00:00,186.36146545
2024-03-28 00:00:00+00:00,189.62162781
2024-03-29 00:00:00+00:00,192.22795105
2024-03-30 00:00:00+00:00,194.38554382
2024-03-31 00:00:00+00:00,202.87413025
2024-04-01 00:00:00+00:00,192.56782532
2024-04-02 00:00:00+00:00,181.17225647
2024-04-03 00:00:00+00:00,185.24861145
2024-04-04 00:00:00+00:00,183.95811462
2024-04-05 00:00:00+00:00,174.50151062
2024-04-06 00:00:00+00:00,178.91534424
2024-04-07 00:00:00+00:00,179.64985657
2024-04-08 00:00:00+00:00,180.78477478
2024-04-09 00:00:00+00:00,172.41362
2024-04-10 00:00:00+00:00,173.43736267
2024-04-11 00:00:00+00:00,172.57637024
2024-04-12 00:00:00+00:00,153.63546753
2024-04-13 00:00:00+00:00,139.34169006
2024-04-14 00:00:00+00:00,151.28494263
2024-04-15 00:00:00+00:00,138.50862122
2024-04-16 00:00:00+00:00,136.27932739
2024-04-17 00:00:00+00:00,131.86618042
2024-04-18 00:00:00+00:00,142.08239746
2024-04-19 00:00:00+00:00,142.68049622
2024-04-20 00:00:00+00:00,151.13356018
2024-04-21 00:00:00+00:00,148.60931396
2024-04-22 00:00:00+00:00,157.03121948
2024-04-23 00:00:00+00:00,154.7013092
2024-04-24 00:00:00+00:00,147.74514771
2024-04-25 00:00:00+00:00,144.89212036
2024-04-26 00:00:00+00:00,139.1043396
2024-04-27 00:00:00+00:00,141.28916931
2024-04-28 00:00:00+00:00,137.85641479
2024-04-29 00:00:00+00:00,137.7766571
2024-04-30 00:00:00+00:00,126.96270752
2024-05-01 00:00:00+00:00,134.62797546
2024-05-02 00:00:00+00:00,137.81448364
2024-05-03 00:00:00+00:00,143.77255249
2024-05-04 00:00:00+00:00,146.13505554
2024-05-05 00:00:00+00:00,145.71302795
2024-05-06 00:00:00+00:00,152.80239868
2024-05-07 00:00:00+00:00,148.13432312
2024-05-08 00:00:00+00:00,142.29473877
2024-05-09 00:00:00+00:00,152.84994507
2024-05-10 00:00:00+00:00,146.21690369
2024-05-11 00:00:00+00:00,145.31437683
2024-05-12 00:00:00+00:00,143.52081299
2024-05-13 00:00:00+00:00,147.28233337
2024-05-14 00:00:00+00:00,142.03039551
2024-05-15 00:00:00+00:00,158.18682861
2024-05-16 00:00:00+00:00,159.11645508
2024-05-17 00:00:00+00:00,169.5305481
2024-05-18 00:00:00+00:00,172.53913879
2024-05-19 00:00:00+00:00,170.09135437
2024-05-20 00:00:00+00:00,186.52049255
2024-05-21 00:00:00+00:00,178.1161499
2024-05-22 00:00:00+00:00,176.86077881
2024-05-23 00:00:00+00:00,175.98577881
2024-05-24 00:00:00+00:00,167.79692078
2024-05-25 00:00:00+00:00,168.43763733
2024-05-26 00:00:00+00:00,163.35090637
2024-05-27 00:00:00+00:00,169.99613953
2024-05-28 00:00:00+00:00,168.65084839
2024-05-29 00:00:00+00:00,168.07267761
2024-05-30 00:00:00+00:00,166.97653198
2024-05-31 00:00:00+00:00,165.63771057
2024-06-01 00:00:00+00:00,166.03067017
2024-06-02 00:00:00+00:00,163.24990845
2024-06-03 00:00:00+00:00,164.92346191
2024-06-04 00:00:00+00:00,171.80192566
2024-06-05 00:00:00+00:00,173.48291016
2024-06-06 00:00:00+00:00,170.01622009
2024-06-07 00:00:00+00:00,162.50704956
2024-06-08 00:00:00+00:00,157.96890259
2024-06-09 00:00:00+00:00,162.08360291
2024-06-10 00:00:00+00:00,158.92802429
2024-06-11 00:00:00+00:00,149.4289856
2024-06-12 00:00:00+00:00,155.17756653
2024-06-13 00:00:00+00:00,147.31442261
2024-06-14 00:00:00+00:00,143.09443665
2024-06-15 00:00:00+00:00,145.41221619
2024-06-16 00:00:00+00:00,151.12550354
2024-06-17 00:00:00+00:00,143.33427429
2024-06-18 00:00:00+00:00,137.5039978
2024-06-19 00:00:00+00:00,135.60960388
2024-06-20 00:00:00+00:00,133.47296143
2024-06-21 00:00:00+00:00,134.58830261
2024-06-22 00:00:00+00:00,133.67024231
2024-06-23 00:00:00+00:00,128.59042358
2024-06-24 00:00:00+00:00,132.24139404
2024-06-25 00:00:00+00:00,136.5592041
2024-06-26 00:00:00+00:00,136.60914612
2024-06-27 00:00:00+00:00,149.44837952
2024-06-28 00:00:00+00:00,139.70339966
2024-06-29 00:00:00+00:00,140.01014709
2024-06-30 00:00:00+00:00,146.49249268
2024-07-01 00:00:00+00:00,146.59506226
2024-07-02 00:00:00+00:00,153.70048523
2024-07-03 00:00:00+00:00,140.73141479
2024-07-04 00:00:00+00:00,127.5508194
2024-07-05 00:00:00+00:00,134.36933899
2024-07-06 00:00:00+00:00,143.24118042
2024-07-07 00:00:00+00:00,131.77409363
2024-07-08 00:00:00+00:00,139.46369934
2024-07-09 00:00:00+00:00,141.34844971
2024-07-10 00:00:00+00:00,141.97479248
2024-07-11 00:00:00+00:00,135.88322449
2024-07-12 00:00:00+00:00,139.52801514
2024-07-13 00:00:00+00:00,141.92497253
2024-07-14 00:00:00+00:00,147.62231445
2024-07-15 00:00:00+00:00,159.93397522
2024-07-16 00:00:00+00:00,160.55187988
2024-07-17 00:00:00+00:00,155.58410645
2024-07-18 00:00:00+00:00,159.07241821
2024-07-19 00:00:00+00:00,169.18586731
2024-07-20 00:00:00+00:00,173.89178467
2024-07-21 00:00:00+00:00,184.54161072
2024-07-22 00:00:00+00:00,178.97828674
2024-07-23 00:00:00+00:00,172.75756836
2024-07-24 00:00:00+00:00,178.03230286
2024-07-25 00:00:00+00:00,171.96307373
2024-07-26 00:00:00+00:00,183.13671875
2024-07-27 00:00:00+00:00,184.08540344
2024-07-28 00:00:00+00:00,184.88607788
2024-07-29 00:00:00+00:00,182.78059387
2024-07-30 00:00:00+00:00,179.10719299
2024-07-31 00:00:00+00:00,171.82615662
2024-08-01 00:00:00+00:00,167.67211914
2024-08-02 00:00:00+00:00,152.63822937
2024-08-03 00:00:00+00:00,142.92199707
2024-08-04 00:00:00+00:00,138.05508423
2024-08-05 00:00:00+00:00,129.86430359
2024-08-06 00:00:00+00:00,144.09036255
2024-08-07 00:00:00+00:00,144.63209534
2024-08-08 00:00:00+00:00,162.93074036
2024-08-09 00:00:00+00:00,156.45721436
2024-08-10 00:00:00+00:00,153.95916748
2024-08-11 00:00:00+00:00,141.52685547
2024-08-12 00:00:00+00:00,146.45423889
2024-08-13 00:00:00+00:00,146.71269226
2024-08-14 00:00:00+00:00,143.92346191
2024-08-15 00:00:00+00:00,142.74581909
2024-08-16 00:00:00+00:00,139.33056641
2024-08-17 00:00:00+00:00,141.79850769
2024-08-18 00:00:00+00:00,142.58688354
2024-08-19 00:00:00+00:00,144.34368896
2024-08-20 00:00:00+00:00,143.16773987
2024-08-21 00:00:00+00:00,142.70960999
2024-08-22 00:00:00+00:00,143.25793457
2024-08-23 00:00:00+00:00,153.10708618
2024-08-24 00:00:00+00:00,160.73175049
2024-08-25 00:00:00+00:00,158.90911865
2024-08-26 00:00:00+00:00,157.23687744
2024-08-27 00:00:00+00:00,146.89709473
2024-08-28 00:00:00+00:00,143.89138794
2024-08-29 00:00:00+00:00,140.05403137
2024-08-30 00:00:00+00:00,138.09999084
2024-08-31 00:00:00+00:00,135.37425232
2024-09-01 00:00:00+00:00,128.69055176
2024-09-02 00:00:00+00:00,135.00236511
2024-09-03 00:00:00+00:00,127.57758331
2024-09-04 00:00:00+00:00,133.60391235
2024-09-05 00:00:00+00:00,129.32894897
2024-09-06 00:00:00+00:00,124.99007416
2024-09-07 00:00:00+00:00,127.72156525
2024-09-08 00:00:00+00:00,129.98951721
2024-09-09 00:00:00+00:00,135.02561951
2024-09-10 00:00:00+00:00,135.63522339
2024-09-11 00:00:00+00:00,132.49739075
2024-09-12 00:00:00+00:00,136.14190674
2024-09-13 00:00:00+00:00,139.10054016
2024-09-14 00:00:00+00:00,137.17977905
2024-09-15 00:00:00+00:00,131.49938965
2024-09-16 00:00:00+00:00,131.47259521
2024-09-17 00:00:00+00:00,131.53707886
2024-09-18 00:00:00+00:00,133.99185181
2024-09-19 00:00:00+00:00,142.83627319
2024-09-20 00:00:00+00:00,146.56680298
2024-09-21 00:00:00+00:00,149.52703857
2024-09-22 00:00:00+00:00,144.8036499
2024-09-23 00:00:00+00:00,144.81498718
2024-09-24 00:00:00+00:00,152.89215088
2024-09-25 00:00:00+00:00,148.02342224
2024-09-26 00:00:00+00:00,155.57609558
2024-09-27 00:00:00+00:00,157.74993896
2024-09-28 00:00:00+00:00,156.91242981
2024-09-29 00:00:00+00:00,158.62916565
2024-09-30 00:00:00+00:00,152.61846924
2024-10-01 00:00:00+00:00,145.28988647
2024-10-02 00:00:00+00:00,140.38555908
2024-10-03 00:00:00+00:00,136.78518677
2024-10-04 00:00:00+00:00,143.17227173
2024-10-05 00:00:00+00:00,142.71174622
2024-10-06 00:00:00+00:00,146.44236755
2024-10-07 00:00:00+00:00,143.99179077
2024-10-08 00:00:00+00:00,143.39442444
2024-10-09 00:00:00+00:00,139.3155365
2024-10-10 00:00:00+00:00,138.88841248
2024-10-11 00:00:00+00:00,145.38114929
2024-10-12 00:00:00+00:00,146.50028992
2024-10-13 00:00:00+00:00,147.57243347
2024-10-14 00:00:00+00:00,157.44512939
2024-10-15 00:00:00+00:00,154.72062683
2024-10-16 00:00:00+00:00,154.23422241
2024-10-17 00:00:00+00:00,150.31602478
2024-10-18 00:00:00+00:00,154.97593689
2024-10-19 00:00:00+00:00,159.63935852
2024-10-20 00:00:00+00:00,166.93981934
2024-10-21 00:00:00+00:00,166.21687317
2024-10-22 00:00:00+00:00,167.26014709
2024-10-23 00:00:00+00:00,170.93249512
2024-10-24 00:00:00+00:00,177.15693665
2024-10-25 00:00:00+00:00,164.75689697
2024-10-26 00:00:00+00:00,170.70596313
2024-10-27 00:00:00+00:00,176.54919434
2024-10-28 00:00:00+00:00,178.10490417
2024-10-29 00:00:00+00:00,179.36074829
2024-10-30 00:00:00+00:00,174.92497253
2024-10-31 00:00:00+00:00,168.42999268
2024-11-01 00:00:00+00:00,166.26213074
2024-11-02 00:00:00+00:00,166.01034546
2024-11-03 00:00:00+00:00,162.55130005
2024-11-04 00:00:00+00:00,157.74710083
2024-11-05 00:00:00+00:00,166.72239685
2024-11-06 00:00:00+00:00,186.95478821
2024-11-07 00:00:00+00:00,196.33459473
2024-11-08 00:00:00+00:00,199.93901062
2024-11-09 00:00:00+00:00,200.19491577
2024-11-10 00:00:00+00:00,210.61372375
2024-11-11 00:00:00+00:00,222.64167786
2024-11-12 00:00:00+00:00,212.23181152
2024-11-13 00:00:00+00:00,215.18455505
2024-11-14 00:00:00+00:00,209.21907043
2024-11-15 00:00:00+00:00,218.09490967
2024-11-16 00:00:00+00:00,215.84883118
2024-11-17 00:00:00+00:00,237.57553101
2024-11-18 00:00:00+00:00,239.79425049
2024-11-19 00:00:00+00:00,238.09754944
2024-11-20 00:00:00+00:00,235.42366028
2024-11-21 00:00:00+00:00,257.06588745
2024-11-22 00:00:00+00:00,256.51867676
2024-11-23 00:00:00+00:00,255.17851257
2024-11-24 00:00:00+00:00,252.91952515
2024-11-25 00:00:00+00:00,234.4466095
2024-11-26 00:00:00+00:00,230.97819519
2024-11-27 00:00:00+00:00,242.30221558
2024-11-28 00:00:00+00:00,237.76400757
2024-11-29 00:00:00+00:00,243.54949951
2024-11-30 00:00:00+00:00,237.7437439
2024-12-01 00:00:00+00:00,237.06993103
2024-12-02 00:00:00+00:00,225.75619507
2024-12-03 00:00:00+00:00,234.20031738
2024-12-04 00:00:00+00:00,229.11929321
2024-12-05 00:00:00+00:00,233.998703
2024-12-06 00:00:00+00:00,237.05107117
2024-12-07 00:00:00+00:00,238.54795837
2024-12-08 00:00:00+00:00,236.67233276
2024-12-09 00:00:00+00:00,217.34146118
2024-12-10 00:00:00+00:00,213.82461548
2024-12-11 00:00:00+00:00,227.44683838
2024-12-12 00:00:00+00:00,227.02671814
2024-12-13 00:00:00+00:00,224.83729553
2024-12-14 00:00:00+00:00,219.84075928
2024-12-15 00:00:00+00:00,223.65766907
2024-12-16 00:00:00+00:00,216.33496094
2024-12-17 00:00:00+00:00,222.81672668
2024-12-18 00:00:00+00:00,206.38174438
2024-12-19 00:00:00+00:00,194.28451538
2024-12-20 00:00:00+00:00,194.20817566
2024-12-21 00:00:00+00:00,181.30145264
2024-12-22 00:00:00+00:00,180.16891479
2024-12-23 00:00:00+00:00,189.75369263
2024-12-24 00:00:00+00:00,196.98902893
2024-12-25 00:00:00+00:00,197.4790802
2024-12-26 00:00:00+00:00,188.21810913
2024-12-27 00:00:00+00:00,183.82847595
2024-12-28 00:00:00+00:00,195.01353455
2024-12-29 00:00:00+00:00,189.7442627
2024-12-30 00:00:00+00:00,191.02804565
2024-12-31 00:00:00+00:00,189.26448059
2025-01-01 00:00:00+00:00,193.87373352
2025-01-02 00:00:00+00:00,207.76704407
2025-01-03 00:00:00+00:00,217.74732971
2025-01-04 00:00:00+00:00,216.6229248
2025-01-05 00:00:00+00:00,213.39363098
2025-01-06 00:00:00+00:00,218.72312927
2025-01-07 00:00:00+00:00,202.23025513
2025-01-08 00:00:00+00:00,197.55905151
2025-01-09 00:00:00+00:00,185.02528381
2025-01-10 00:00:00+00:00,187.57917786
2025-01-11 00:00:00+00:00,187.99551392
2025-01-12 00:00:00+00:00,188.56037903
2025-01-13 00:00:00+00:00,182.83535767
2025-01-14 00:00:00+00:00,187.49859619
2025-01-15 00:00:00+00:00,205.91134644
2025-01-16 00:00:00+00:00,211.22784424
2025-01-17 00:00:00+00:00,219.62161255
2025-01-18 00:00:00+00:00,261.86975098
2025-01-19 00:00:00+00:00,250.58636475
2025-01-20 00:00:00+00:00,242.25022888
2025-01-21 00:00:00+00:00,250.41378784
2025-01-22 00:00:00+00:00,257.23736572
2025-01-23 00:00:00+00:00,253.4552002
2025-01-24 00:00:00+00:00,253.36122131
2025-01-25 00:00:00+00:00,256.07357788
2025-01-26 00:00:00+00:00,240.88345337
2025-01-27 00:00:00+00:00,235.07444763
2025-01-28 00:00:00+00:00,227.20396423
2025-01-29 00:00:00+00:00,227.94493103
2025-01-30 00:00:00+00:00,239.02314758
2025-01-31 00:00:00+00:00,231.63790894
2025-02-01 00:00:00+00:00,213.78501892
2025-02-02 00:00:00+00:00,203.11962891
2025-02-03 00:00:00+00:00,216.14958191
2025-02-04 00:00:00+00:00,207.09197998
2025-02-05 00:00:00+00:00,195.98814392
2025-02-06 00:00:00+00:00,189.77249146
2025-02-07 00:00:00+00:00,192.20465088
2025-02-08 00:00:00+00:00,199.59989929
2025-02-09 00:00:00+00:00,200.49755859
2025-02-10 00:00:00+00:00,200.35635376
2025-02-11 00:00:00+00:00,197.98236084
2025-02-12 00:00:00+00:00,196.77380371
2025-02-13 00:00:00+00:00,194.46095276
2025-02-14 00:00:00+00:00,199.93566895
2025-02-15 00:00:00+00:00,194.48208618
2025-02-16 00:00:00+00:00,188.48640442
2025-02-17 00:00:00+00:00,177.68974304
2025-02-18 00:00:00+00:00,169.08428955
2025-02-19 00:00:00+00:00,169.01080322
2025-02-20 00:00:00+00:00,176.04888916
2025-02-21 00:00:00+00:00,168.89163208
2025-02-22 00:00:00+00:00,172.16285706
2025-02-23 00:00:00+00:00,168.03811646
2025-02-24 00:00:00+00:00,141.98948669
2025-02-25 00:00:00+00:00,144.10775757
2025-02-26 00:00:00+00:00,134.83132935
2025-02-27 00:00:00+00:00,137.62080383
2025-02-28 00:00:00+00:00,148.03001404
2025-03-01 00:00:00+00:00,143.67570496
2025-03-02 00:00:00+00:00,178.49549866
2025-03-03 00:00:00+00:00,142.02108765
2025-03-04 00:00:00+00:00,144.9165802
2025-03-05 00:00:00+00:00,146.26730347
2025-03-06 00:00:00+00:00,143.35522461
2025-03-07 00:00:00+00:00,139.20913696
2025-03-08 00:00:00+00:00,136.94207764
2025-03-09 00:00:00+00:00,126.43543243
2025-03-10 00:00:00+00:00,118.29174805
2025-03-11 00:00:00+00:00,125.26394653
2025-03-12 00:00:00+00:00,126.58324432
2025-03-13 00:00:00+00:00,123.28614807
2025-03-14 00:00:00+00:00,133.31448364
2025-03-15 00:00:00+00:00,135.91253662
2025-03-16 00:00:00+00:00,125.98810577
2025-03-17 00:00:00+00:00,128.16371155
2025-03-18 00:00:00+00:00,125.31269836
2025-03-19 00:00:00+00:00,135.57250977
2025-03-20 00:00:00+00:00,127.49718475
2025-03-21 00:00:00+00:00,128.43031311
2025-03-22 00:00:00+00:00,128.48498535
2025-03-23 00:00:00+00:00,132.59931946
2025-03-24 00:00:00+00:00,140.86927795
2025-03-25 00:00:00+00:00,143.81707764
2025-03-26 00:00:00+00:00,137.28857422
2025-03-27 00:00:00+00:00,138.34738159
2025-03-28 00:00:00+00:00,129.42315674
2025-03-29 00:00:00+00:00,124.58764648
2025-03-30 00:00:00+00:00,124.64263153
2025-03-31 00:00:00+00:00,124.69412994
2025-04-01 00:00:00+00:00,126.68238068
2025-04-02 00:00:00+00:00,117.75762939
2025-04-03 00:00:00+00:00,117.06145477
2025-04-04 00:00:00+00:00,122.78688049
2025-04-05 00:00:00+00:00,120.25899506
2025-04-06 00:00:00+00:00,105.71201324
2025-04-07 00:00:00+00:00,106.90277863
2025-04-08 00:00:00+00:00,105.51219177
2025-04-09 00:00:00+00:00,119.05754089
2025-04-10 00:00:00+00:00,112.80392456
2025-04-11 00:00:00+00:00,121.53237915
2025-04-12 00:00:00+00:00,132.26055908
2025-04-13 00:00:00+00:00,128.58079529
2025-04-14 00:00:00+00:00,129.31037903
2025-04-15 00:00:00+00:00,126.26313019
2025-04-16 00:00:00+00:00,131.44969177
2025-04-17 00:00:00+00:00,134.69874573
2025-04-18 00:00:00+00:00,134.07350159
2025-04-19 00:00:00+00:00,139.7502594
2025-04-20 00:00:00+00:00,137.77459717
2025-04-21 00:00:00+00:00,136.70439148
2025-04-22 00:00:00+00:00,148.7394104
2025-04-23 00:00:00+00:00,151.15272522
2025-04-24 00:00:00+00:00,152.30363464
2025-04-25 00:00:00+00:00,150.91500854
2025-04-26 00:00:00+00:00,149.28936768
2025-04-27 00:00:00+00:00,148.24583435
2025-04-28 00:00:00+00:00,147.80993652
2025-04-29 00:00:00+00:00,146.4278717
2025-04-30 00:00:00+00:00,147.64320374
2025-05-01 00:00:00+00:00,150.84658813
2025-05-02 00:00:00+00:00,148.05003357
2025-05-03 00:00:00+00:00,146.79605103
2025-05-04 00:00:00+00:00,143.98306274
2025-05-05 00:00:00+00:00,146.69664001
2025-05-06 00:00:00+00:00,146.7664032
2025-05-07 00:00:00+00:00,147.21374512
2025-05-08 00:00:00+00:00,163.96078491
2025-05-09 00:00:00+00:00,172.82827759
2025-05-10 00:00:00+00:00,177.62181091
2025-05-11 00:00:00+00:00,173.02645874
2025-05-12 00:00:00+00:00,174.24789429
2025-05-13 00:00:00+00:00,184.0062561
2025-05-14 00:00:00+00:00,176.70922852
2025-05-15 00:00:00+00:00,169.00999451
2025-05-16 00:00:00+00:00,167.33395386
2025-05-17 00:00:00+00:00,165.93083191
2025-05-18 00:00:00+00:00,173.89871216
2025-05-19 00:00:00+00:00,166.86422729
2025-05-20 00:00:00+00:00,168.48368835
2025-05-21 00:00:00+00:00,173.68173218
2025-05-22 00:00:00+00:00,179.69094849
2025-05-23 00:00:00+00:00,173.82542419
2025-05-24 00:00:00+00:00,176.04240417
2025-05-25 00:00:00+00:00,175.72547913
2025-05-26 00:00:00+00:00,174.90789795
2025-05-27 00:00:00+00:00,176.81518555
2025-05-28 00:00:00+00:00,172.18955994
2025-05-29 00:00:00+00:00,166.58818054
2025-05-30 00:00:00+00:00,156.23471069
2025-05-31 00:00:00+00:00,156.63894653
2025-06-01 00:00:00+00:00,157.7845459
2025-06-02 00:00:00+00:00,156.99806213
2025-06-03 00:00:00+00:00,155.34317017
2025-06-04 00:00:00+00:00,153.35964966
2025-06-05 00:00:00+00:00,144.54295349
2025-06-06 00:00:00+00:00,147.91313171
2025-06-07 00:00:00+00:00,150.13406372
2025-06-08 00:00:00+00:00,152.43009949
2025-06-09 00:00:00+00:00,161.08865356
2025-06-10 00:00:00+00:00,165.02816772
2025-06-11 00:00:00+00:00,161.05586243
2025-06-12 00:00:00+00:00,152.78967285
2025-06-13 00:00:00+00:00,148.62835693
2025-06-14 00:00:00+00:00,144.76374817
2025-06-15 00:00:00+00:00,152.81439209
2025-06-16 00:00:00+00:00,150.86999512
2025-06-17 00:00:00+00:00,147.74980164
2025-06-18 00:00:00+00:00,146.3531189
2025-06-19 00:00:00+00:00,147.07147217
2025-06-20 00:00:00+00:00,140.16859436
2025-06-21 00:00:00+00:00,135.16101074
2025-06-22 00:00:00+00:00,131.61569214
2025-06-23 00:00:00+00:00,144.84672546
2025-06-24 00:00:00+00:00,145.95452881
2025-06-25 00:00:00+00:00,143.50512695
2025-06-26 00:00:00+00:00,139.05986023
2025-06-27 00:00:00+00:00,142.19148254
2025-06-28 00:00:00+00:00,150.82756042
2025-06-29 00:00:00+00:00,153.35308838
2025-06-30 00:00:00+00:00,154.73530579
2025-07-01 00:00:00+00:00,146.92663574
2025-07-02 00:00:00+00:00,152.22763062
2025-07-03 00:00:00+00:00,152.40179443
2025-07-04 00:00:00+00:00,147.76364136
2025-07-05 00:00:00+00:00,147.64144897
2025-07-06 00:00:00+00:00,151.87294006
2025-07-07 00:00:00+00:00,148.87234497
2025-07-08 00:00:00+00:00,151.81039429
2025-07-09 00:00:00+00:00,157.2815094
2025-07-10 00:00:00+00:00,164.06277466
2025-07-11 00:00:00+00:00,162.88337708
2025-07-12 00:00:00+00:00,160.68484497
2025-07-13 00:00:00+00:00,161.1940155
2025-07-14 00:00:00+00:00,162.27522278
2025-07-15 00:00:00+00:00,163.95043945
2025-07-16 00:00:00+00:00,173.70848083
2025-07-17 00:00:00+00:00,175.79304504
2025-07-18 00:00:00+00:00,177.38197327
2025-07-19 00:00:00+00:00,177.07012939
2025-07-20 00:00:00+00:00,181.54603577
2025-07-21 00:00:00+00:00,195.9942627
2025-07-22 00:00:00+00:00,205.70054626
2025-07-23 00:00:00+00:00,189.54293823
2025-07-24 00:00:00+00:00,182.60606384
2025-07-25 00:00:00+00:00,186.77966309
2025-07-26 00:00:00+00:00,184.91387939
2025-07-27 00:00:00+00:00,188.73348999
2025-07-28 00:00:00+00:00,182.54156494
2025-07-29 00:00:00+00:00,181.33531189
2025-07-30 00:00:00+00:00,177.6940155
2025-07-31 00:00:00+00:00,172.42434692
2025-08-01 00:00:00+00:00,162.87709045
2025-08-02 00:00:00+00:00,158.48301697
2025-08-03 00:00:00+00:00,161.95497131
2025-08-04 00:00:00+00:00,169.4256897
2025-08-05 00:00:00+00:00,164.09643555
2025-08-06 00:00:00+00:00,168.17573547
2025-08-07 00:00:00+00:00,175.48542786
2025-08-08 00:00:00+00:00,176.76329041
2025-08-09 00:00:00+00:00,180.18234253
2025-08-10 00:00:00+00:00,182.90301514
2025-08-11 00:00:00+00:00,174.97781372
2025-08-12 00:00:00+00:00,191.85682678
2025-08-13 00:00:00+00:00,201.59042358
2025-08-14 00:00:00+00:00,192.58595276
2025-08-15 00:00:00+00:00,185.74125671
2025-08-16 00:00:00+00:00,189.76699829
2025-08-17 00:00:00+00:00,191.16482544
2025-08-18 00:00:00+00:00,183.06987
2025-08-19 00:00:00+00:00,176.11227417
2025-08-20 00:00:00+00:00,187.58630371
2025-08-21 00:00:00+00:00,180.28062439
2025-08-22 00:00:00+00:00,200.64744568
2025-08-23 00:00:00+00:00,203.93673706
2025-08-24 00:00:00+00:00,205.85237122
2025-08-25 00:00:00+00:00,187.27844238
2025-08-26 00:00:00+00:00,195.90509033
2025-08-27 00:00:00+00:00,202.92337036
2025-08-28 00:00:00+00:00,214.40563965
2025-08-29 00:00:00+00:00,205.22000122
2025-08-30 00:00:00+00:00,202.86013794
2025-08-31 00:00:00+00:00,200.86354065
2025-09-01 00:00:00+00:00,197.1083374
2025-09-02 00:00:00+00:00,209.48153687
2025-09-03 00:00:00+00:00,210.74630737
2025-09-04 00:00:00+00:00,202.56018066
2025-09-05 00:00:00+00:00,203.4985199
2025-09-06 00:00:00+00:00,200.24630737
2025-09-07 00:00:00+00:00,206.46818542
2025-09-08 00:00:00+00:00,214.18640137
2025-09-09 00:00:00+00:00,217.25068665
2025-09-10 00:00:00+00:00,223.98690796
2025-09-11 00:00:00+00:00,228.75617981
2025-09-12 00:00:00+00:00,242.30328369
2025-09-13 00:00:00+00:00,242.59590149
2025-09-14 00:00:00+00:00,240.55769348
2025-09-15 00:00:00+00:00,234.3575592
2025-09-16 00:00:00+00:00,236.98957825
2025-09-17 00:00:00+00:00,244.85745239
2025-09-18 00:00:00+00:00,247.63713074
2025-09-19 00:00:00+00:00,238.55270386
2025-09-20 00:00:00+00:00,239.59248352
2025-09-21 00:00:00+00:00,236.57545471
2025-09-22 00:00:00+00:00,220.4964447
2025-09-23 00:00:00+00:00,213.71730042
2025-09-24 00:00:00+00:00,211.7562561
2025-09-25 00:00:00+00:00,192.38076782
2025-09-26 00:00:00+00:00,205.35255432
2025-09-27 00:00:00+00:00,203.58332825
2025-09-28 00:00:00+00:00,210.73774719
2025-09-29 00:00:00+00:00,213.05340576
2025-09-30 00:00:00+00:00,208.74311829
2025-10-01 00:00:00+00:00,221.6758728
2025-10-02 00:00:00+00:00,234.85687256
2025-10-03 00:00:00+00:00,233.00196838
2025-10-04 00:00:00+00:00,228.00320435
2025-10-05 00:00:00+00:00,228.60119629
2025-10-06 00:00:00+00:00,232.51603699
2025-10-07 00:00:00+00:00,220.48271179
2025-10-08 00:00:00+00:00,229.10121155
2025-10-09 00:00:00+00:00,220.99107361
2025-10-10 00:00:00+00:00,188.66386414
2025-10-11 00:00:00+00:00,178.0541687
2025-10-12 00:00:00+00:00,197.50854492
2025-10-13 00:00:00+00:00,208.36729431
2025-10-14 00:00:00+00:00,202.46034241
2025-10-15 00:00:00+00:00,194.02186584
2025-10-16 00:00:00+00:00,184.68894958
2025-10-17 00:00:00+00:00,182.03479004
2025-10-18 00:00:00+00:00,187.66029358
2025-10-19 00:00:00+00:00,187.79820251
2025-10-20 00:00:00+00:00,189.75067139
2025-10-21 00:00:00+00:00,185.66627502
2025-10-22 00:00:00+00:00,180.14813232
2025-10-23 00:00:00+00:00,191.38827515
2025-10-24 00:00:00+00:00,193.56022644
2025-10-25 00:00:00+00:00,194.04037476
2025-10-26 00:00:00+00:00,200.02862549
2025-10-27 00:00:00+00:00,198.74171448
2025-10-28 00:00:00+00:00,194.4427948
2025-10-29 00:00:00+00:00,194.41087341
2025-10-30 00:00:00+00:00,184.62442017
2025-10-31 00:00:00+00:00,187.20947266
2025-11-01 00:00:00+00:00,186.38005066
2025-11-02 00:00:00+00:00,187.82597351
2025-11-03 00:00:00+00:00,166.09069824
2025-11-04 00:00:00+00:00,155.40318298
2025-11-05 00:00:00+00:00,162.56607056
2025-11-06 00:00:00+00:00,155.06591797
2025-11-07 00:00:00+00:00,161.70817566
2025-11-08 00:00:00+00:00,158.10250854
2025-11-09 00:00:00+00:00,164.45384216
2025-11-10 00:00:00+00:00,167.36700439
2025-11-11 00:00:00+00:00,154.56832886
2025-11-12 00:00:00+00:00,153.26203918
2025-11-13 00:00:00+00:00,145.10847473
2025-11-14 00:00:00+00:00,138.67660522
2025-11-15 00:00:00+00:00,139.53520203
2025-11-16 00:00:00+00:00,137.26573181
2025-11-17 00:00:00+00:00,130.8482666
2025-11-18 00:00:00+00:00,140.71438599
2025-11-19 00:00:00+00:00,136.76695251
2025-11-20 00:00:00+00:00,133.51715088
2025-11-21 00:00:00+00:00,128.50050354
2025-11-22 00:00:00+00:00,127.55120087
2025-11-23 00:00:00+00:00,130.70506287
2025-11-24 00:00:00+00:00,138.37135315
2025-11-25 00:00:00+00:00,138.8911438
2025-11-26 00:00:00+00:00,143.01219177
2025-11-27 00:00:00+00:00,140.84640503
2025-11-28 00:00:00+00:00,137.39019775
2025-11-29 00:00:00+00:00,136.08171082
2025-11-30 00:00:00+00:00,133.56481934
2025-12-01 00:00:00+00:00,126.70902252
2025-12-02 00:00:00+00:00,138.67420959
2025-12-03 00:00:00+00:00,144.89849854
2025-12-04 00:00:00+00:00,139.01452637
2025-12-05 00:00:00+00:00,133.32299805
2025-12-06 00:00:00+00:00,132.34844971
2025-12-07 00:00:00+00:00,132.09356689
2025-12-08 00:00:00+00:00,133.27822876
2025-12-09 00:00:00+00:00,137.90161133
2025-12-10 00:00:00+00:00,136.46902466
2025-12-11 00:00:00+00:00,136.37156677
2025-12-12 00:00:00+00:00,132.32429504
2025-12-13 00:00:00+00:00,133.24746704
2025-12-14 00:00:00+00:00,129.48109436
2025-12-15 00:00:00+00:00,127.75711823
2025-12-16 00:00:00+00:00,129.25120544
2025-12-17 00:00:00+00:00,123.11980438
2025-12-18 00:00:00+00:00,119.57015228
2025-12-19 00:00:00+00:00,126.19274902
2025-12-20 00:00:00+00:00,125.80903625
2025-12-21 00:00:00+00:00,125.99150085
2025-12-22 00:00:00+00:00,125.80123138
2025-12-23 00:00:00+00:00,123.85721588
2025-12-24 00:00:00+00:00,122.45860291
2025-12-25 00:00:00+00:00,119.94712067
2025-12-26 00:00:00+00:00,122.19595337
2025-12-27 00:00:00+00:00,124.64771271
2025-12-28 00:00:00+00:00,125.19935608
2025-12-29 00:00:00+00:00,123.12522888
2025-12-30 00:00:00+00:00,124.93132019
2025-12-31 00:00:00+00:00,124.48446655
2026-01-01 00:00:00+00:00,126.76112366
2026-01-02 00:00:00+00:00,132.13366699
2026-01-03 00:00:00+00:00,133.29847717
2026-01-04 00:00:00+00:00,133.89961243
2026-01-05 00:00:00+00:00,137.98997498
2026-01-06 00:00:00+00:00,141.09841919
2026-01-07 00:00:00+00:00,136.3130188
2026-01-08 00:00:00+00:00,138.29342651
2026-01-09 00:00:00+00:00,135.75639343
2026-01-10 00:00:00+00:00,135.727005
2026-01-11 00:00:00+00:00,139.49046326
2026-01-12 00:00:00+00:00,139.13618469
2026-01-13 00:00:00+00:00,145.36087036
2026-01-14 00:00:00+00:00,146.75280762
2026-01-15 00:00:00+00:00,142.33244324
2026-01-16 00:00:00+00:00,144.86047363
2026-01-17 00:00:00+00:00,143.72567749
2026-01-18 00:00:00+00:00,137.99542236
2026-01-19 00:00:00+00:00,133.33869934
2026-01-20 00:00:00+00:00,125.70572662
2026-01-21 00:00:00+00:00,129.3790741
2026-01-22 00:00:00+00:00,128.28834534
2026-01-23 00:00:00+00:00,127.3615799
2026-01-24 00:00:00+00:00,127.05381775
2026-01-25 00:00:00+00:00,118.77285767
2026-01-26 00:00:00+00:00,124.13972473
2026-01-27 00:00:00+00:00,127.05479431
2026-01-28 00:00:00+00:00,125.11844635
2026-01-29 00:00:00+00:00,117.6057663
2026-01-30 00:00:00+00:00,117.36303711
2026-01-31 00:00:00+00:00,105.44165039
2026-02-01 00:00:00+00:00,100.8505249
2026-02-02 00:00:00+00:00,104.47115326
2026-02-03 00:00:00+00:00,97.56390381
2026-02-04 00:00:00+00:00,92.0293045
2026-02-05 00:00:00+00:00,78.18741608
2026-02-06 00:00:00+00:00,87.46477509
2026-02-07 00:00:00+00:00,87.63983154
2026-02-08 00:00:00+00:00,87.04410553
2026-02-09 00:00:00+00:00,86.70178223
2026-02-10 00:00:00+00:00,82.91548157
2026-02-11 00:00:00+00:00,79.25424957
2026-02-12 00:00:00+00:00,78.34844208
2026-02-13 00:00:00+00:00,84.32254028
2026-02-14 00:00:00+00:00,88.16083527
2026-02-15 00:00:00+00:00,86.00509644
2026-02-16 00:00:00+00:00,86.42878723
2026-02-17 00:00:00+00:00,85.19760895
2026-02-18 00:00:00+00:00,81.56694794
2026-02-19 00:00:00+00:00,82.39324951
2026-02-20 00:00:00+00:00,84.63510895
2026-02-21 00:00:00+00:00,85.21113586
2026-02-22 00:00:00+00:00,82.79097748
2026-02-23 00:00:00+00:00,77.75331879
2026-02-24 00:00:00+00:00,79.03652191
2026-02-25 00:00:00+00:00,87.91560364
2026-02-26 00:00:00+00:00,85.90911865
2026-02-28 00:00:00+00:00,81.88854218
